industry_type,company_size,num_employees,electricity_kwh_per_month,renewable_energy_percent,diesel_litres_per_month,petrol_litres_per_month,natural_gas_m3_per_month,server_rack_count,num_servers_onprem,num_laptops,num_desktops,server_arrangement,server_area_sqft,cloud_provider,cloud_monthly_bill_inr,purchased_services_spend_inr_per_month,annual_revenue_inr_cr,electricity_level,scope1_tco2e_monthly,scope2_tco2e_monthly,scope3_tco2e_monthly,total_tco2e_monthly,scope1_pct,scope2_pct,scope3_pct,primary_recommendation,recommendation_priority,recommendation_label
IT,large,529,16680.9,81.7,46.1,20.4,6.0,1,17,450,133,stacked_high_density,32.9,none,0,96939.0,29.03,very_high,0.1829,2.5057,7.8507,10.5394,1.7,23.8,74.5,reduce_electricity_consumption,HIGH,1
IT,small,49,2688.0,82.0,7.6,20.7,4.8,7,12,44,18,hot_aisle_cold_aisle,201.6,gcp,37421.0,12137.0,4.13,low,0.078,0.4091,1.2576,1.7447,4.5,23.5,72.1,low_emission_maintain_practices,LOW,7
Manufacturing,small,23,2331.2,49.0,135.9,67.5,28.0,38,20,14,6,stacked_high_density,1077.4,gcp,88394.0,31522.0,10.76,low,0.5773,1.0736,1.317,2.9679,19.5,36.2,44.4,optimize_server_infrastructure,MEDIUM,2
IT,large,965,100230.7,31.6,42.4,44.8,10.0,25,20,549,431,custom,464.3,gcp,14765.0,764340.0,470.58,very_high,0.2375,56.2676,21.9741,78.4792,0.3,71.7,28.0,reduce_electricity_consumption,HIGH,1
Logistics,medium,107,10104.0,17.3,174.3,79.1,23.5,29,16,99,0,direct_liquid_cooling,1139.0,aws,15970.0,63504.0,26.76,high,0.6978,6.893,1.5317,9.1225,7.6,75.6,16.8,switch_to_renewables,HIGH,0
Healthcare,large,997,30910.1,77.7,27.7,0,13.8,32,19,878,322,stacked_high_density,602.3,aws,51714.0,422159.0,133.5,very_high,0.1024,5.7353,19.6075,25.4453,0.4,22.5,77.1,reduce_electricity_consumption,HIGH,1
IT,medium,275,28234.0,4.0,18.7,0,14.8,0,0,160,87,custom,0.0,none,0,201290.0,212.65,very_high,0.0803,22.2258,5.1743,27.4804,0.3,80.9,18.8,switch_to_renewables,HIGH,0
Manufacturing,large,1847,185977.8,5.0,174.7,62.2,37.2,14,18,1577,65,stacked_high_density,212.5,aws,71048.0,657875.0,190.51,very_high,0.6878,144.9131,20.5346,166.1354,0.4,87.2,12.4,switch_to_renewables,HIGH,0
Manufacturing,small,22,2031.7,95.7,165.6,78.3,36.6,26,14,21,1,hot_aisle_cold_aisle,827.7,none,0,15444.0,2.9,low,0.6993,0.1177,0.3163,1.1333,61.7,10.4,27.9,electrify_fleet_reduce_fuel,HIGH,3
Finance,small,17,857.1,0.7,46.1,0,14.5,0,2,12,2,stacked_high_density,0.0,none,0,19303.0,12.36,low,0.1531,0.6979,0.3023,1.1533,13.3,60.5,26.2,low_emission_maintain_practices,LOW,7
Manufacturing,small,29,566.6,94.6,193.6,63.9,35.2,0,0,15,10,hot_aisle_cold_aisle,0.0,azure,57888.0,28032.0,19.97,low,0.7383,0.0251,1.3885,2.1519,34.3,1.2,64.5,low_emission_maintain_practices,LOW,7
Finance,small,43,1757.1,4.7,1.7,0,0,16,6,30,17,direct_liquid_cooling,335.5,gcp,0,44905.0,32.33,low,0.0046,1.3958,1.0456,2.446,0.2,57.1,42.7,low_emission_maintain_practices,LOW,7
Manufacturing,small,34,2673.4,2.7,144.7,54.0,33.4,19,19,26,19,hot_aisle_cold_aisle,602.2,aws,42450.0,24466.0,4.64,low,0.5807,2.1667,1.54,4.2873,13.5,50.5,35.9,low_emission_maintain_practices,LOW,7
Education,small,40,1711.6,72.6,45.2,30.2,8.6,2,0,32,6,direct_liquid_cooling,68.6,none,0,15980.0,2.29,low,0.2084,0.3874,0.5397,1.1355,18.4,34.1,47.5,low_emission_maintain_practices,LOW,7
IT,small,49,5088.5,25.9,2.0,40.0,9.5,13,7,38,25,hot_aisle_cold_aisle,309.9,azure,0,52068.0,8.42,medium,0.1171,3.1149,1.3775,4.6095,2.5,67.6,29.9,low_emission_maintain_practices,LOW,7
Retail,small,31,933.1,13.3,50.2,29.6,3.3,12,14,27,4,direct_liquid_cooling,271.6,aws,34727.0,18103.0,8.03,low,0.2096,0.6804,0.9852,1.8752,11.2,36.3,52.5,low_emission_maintain_practices,LOW,7
IT,small,22,1124.5,2.5,41.7,1.9,0,0,0,19,5,custom,0.0,aws,0,8937.0,5.3,low,0.1161,0.899,0.354,1.3692,8.5,65.7,25.9,low_emission_maintain_practices,LOW,7
Retail,large,1194,42235.8,18.5,0,25.3,14.8,7,9,791,499,direct_liquid_cooling,221.7,azure,13322.0,1207586.0,399.22,very_high,0.0886,28.2361,29.2789,57.6036,0.2,49.0,50.8,reduce_electricity_consumption,HIGH,1
Education,large,657,71603.4,85.7,0,0,0,0,0,643,290,custom,0.0,aws,35894.0,443838.0,337.99,very_high,0.0,8.3962,16.8377,25.2339,0.0,33.3,66.7,reduce_electricity_consumption,HIGH,1
Healthcare,small,20,2333.9,84.9,31.8,5.3,0,0,0,12,7,custom,0.0,aws,48046.0,28401.0,14.28,low,0.0975,0.289,1.2277,1.6142,6.0,17.9,76.1,low_emission_maintain_practices,LOW,7
Finance,medium,107,3688.4,4.8,47.4,22.5,0,28,19,82,57,custom,1001.4,none,0,74956.0,41.47,medium,0.179,2.9355,2.7539,5.8684,3.1,50.0,46.9,adopt_cloud_migration,MEDIUM,4
Retail,small,45,2571.6,65.7,0,14.8,3.0,0,0,38,1,custom,0.0,none,0,26190.0,4.35,low,0.0403,0.7233,0.5369,1.3005,3.1,55.6,41.3,low_emission_maintain_practices,LOW,7
Finance,medium,150,19986.4,95.3,52.9,10.5,5.3,26,17,95,43,stacked_high_density,707.3,none,0,2441.0,45.31,very_high,0.1768,0.8378,1.9071,2.9218,6.1,28.7,65.3,reduce_electricity_consumption,HIGH,1
IT,large,1935,143134.9,0.6,54.0,4.9,1.6,3,8,1407,391,custom,69.6,none,0,1212043.0,708.55,very_high,0.1593,116.6724,31.1622,147.9939,0.1,78.8,21.1,switch_to_renewables,HIGH,0
Education,small,35,1648.6,2.7,47.2,12.2,10.9,0,0,27,4,custom,0.0,gcp,493.0,28899.0,17.69,low,0.1769,1.3154,0.5551,2.0473,8.6,64.2,27.1,low_emission_maintain_practices,LOW,7
Healthcare,large,1772,62816.4,35.4,0,0,0,0,0,1570,904,stacked_high_density,0.0,aws,53952.0,1679853.0,143.18,very_high,0.0,33.2751,50.5481,83.8232,0.0,39.7,60.3,reduce_electricity_consumption,HIGH,1
IT,large,1178,79362.7,88.4,0,15.8,11.9,0,0,1157,190,stacked_high_density,0.0,none,0,613104.0,469.62,very_high,0.0608,7.549,19.0843,26.694,0.2,28.3,71.5,reduce_electricity_consumption,HIGH,1
Retail,large,1514,100426.8,89.3,0,38.8,7.8,0,0,952,254,stacked_high_density,0.0,gcp,1688.0,960432.0,292.64,very_high,0.1055,8.8114,21.9441,30.8611,0.3,28.6,71.1,reduce_electricity_consumption,HIGH,1
Finance,small,31,2329.2,17.3,0,5.4,0,30,17,27,6,direct_liquid_cooling,769.1,none,0,23563.0,4.36,low,0.0125,1.622,0.5607,2.1953,0.6,73.9,25.5,adopt_cloud_migration,MEDIUM,4
Retail,small,25,1172.8,84.3,11.9,0,0,0,0,17,4,stacked_high_density,0.0,azure,26856.0,15883.0,11.63,low,0.0319,0.151,0.7299,0.9127,3.5,16.5,80.0,low_emission_maintain_practices,LOW,7
Finance,large,559,74996.5,85.7,0,42.8,4.8,0,0,300,211,hot_aisle_cold_aisle,0.0,aws,79724.0,683564.0,425.87,very_high,0.1087,8.7941,14.6108,23.5135,0.5,37.4,62.1,reduce_electricity_consumption,HIGH,1
Finance,small,20,1055.3,84.5,46.2,3.1,0,3,19,12,2,hot_aisle_cold_aisle,116.1,aws,16030.0,18726.0,2.13,low,0.131,0.1394,0.5381,0.8085,16.2,17.2,66.6,low_emission_maintain_practices,LOW,7
IT,small,31,2412.4,94.1,0,0,7.6,12,13,25,16,hot_aisle_cold_aisle,343.4,azure,0,31530.0,8.7,low,0.0155,0.138,0.8726,1.0261,1.5,13.4,85.0,low_emission_maintain_practices,LOW,7
Healthcare,large,1989,170007.0,64.4,0,6.0,0,38,8,1951,997,hot_aisle_cold_aisle,656.8,aws,0,2779600.0,501.49,very_high,0.0139,49.6957,64.0095,113.7191,0.0,43.7,56.3,reduce_electricity_consumption,HIGH,1
IT,small,16,1156.6,91.7,0,12.9,3.4,0,0,10,9,custom,0.0,aws,40600.0,7461.0,4.68,low,0.0367,0.0787,0.9855,1.1009,3.3,7.2,89.5,low_emission_maintain_practices,LOW,7
Healthcare,medium,272,21767.7,21.4,0,29.2,0,0,0,195,113,stacked_high_density,0.0,aws,58.0,368511.0,176.66,very_high,0.0675,14.0297,7.4766,21.5737,0.3,65.0,34.7,reduce_electricity_consumption,HIGH,1
Finance,large,625,38073.0,0.1,66.0,2.9,15.5,0,0,463,177,direct_liquid_cooling,0.0,none,0,978183.0,289.66,very_high,0.2152,31.1886,16.1652,47.5691,0.5,65.6,34.0,switch_to_renewables,HIGH,0
Education,medium,99,6590.0,69.5,21.8,34.1,5.2,37,15,73,19,stacked_high_density,968.1,none,0,45668.0,18.96,medium,0.1478,1.7443,1.4451,3.3372,4.4,52.3,43.3,optimize_server_infrastructure,MEDIUM,2
Finance,large,790,67495.6,94.9,78.1,8.1,2.3,8,16,740,208,direct_liquid_cooling,293.9,none,0,483799.0,48.59,very_high,0.2327,2.834,15.2224,18.2891,1.3,15.5,83.2,reduce_electricity_consumption,HIGH,1
Education,small,31,3620.2,3.9,22.8,0,15.6,20,20,16,1,custom,736.2,gcp,71429.0,24468.0,11.64,medium,0.0929,2.8929,0.9917,3.9776,2.3,72.7,24.9,low_emission_maintain_practices,LOW,7
Retail,small,45,4609.8,46.2,35.7,0,7.5,11,5,42,16,stacked_high_density,186.7,azure,0,36349.0,10.09,medium,0.111,2.0622,1.0458,3.219,3.4,64.1,32.5,improve_cooling_efficiency,LOW,6
Healthcare,large,821,46068.4,57.3,0,0,24.5,29,9,760,52,stacked_high_density,1159.5,none,0,270419.0,652.3,very_high,0.05,16.2057,9.5554,25.8111,0.2,62.8,37.0,reduce_electricity_consumption,HIGH,1
Healthcare,medium,56,5854.0,3.3,23.3,0,16.3,0,0,33,8,direct_liquid_cooling,0.0,azure,5240.0,11261.0,29.95,medium,0.0957,4.6419,0.6334,5.371,1.8,86.4,11.8,switch_to_renewables,HIGH,0
Manufacturing,medium,252,12081.0,85.9,166.0,85.1,35.4,17,5,244,146,direct_liquid_cooling,643.5,gcp,13283.0,199618.0,34.37,high,0.7137,1.4209,7.5034,9.6379,7.4,14.7,77.9,reduce_scope3_purchases,LOW,8
IT,small,14,1121.1,63.7,26.3,7.6,0,16,18,13,0,custom,569.0,azure,23728.0,3539.0,10.6,low,0.088,0.3658,0.4516,0.9055,9.7,40.4,49.9,low_emission_maintain_practices,LOW,7
IT,medium,285,25398.0,94.0,71.3,37.9,1.9,0,0,195,162,stacked_high_density,0.0,none,0,353127.0,139.79,very_high,0.2825,1.2496,8.6462,10.1783,2.8,12.3,84.9,reduce_electricity_consumption,HIGH,1
Finance,large,617,53255.8,28.5,0,0,7.0,23,17,393,358,direct_liquid_cooling,379.8,none,0,636517.0,326.78,very_high,0.0143,31.2565,17.6559,48.9266,0.0,63.9,36.1,reduce_electricity_consumption,HIGH,1
Healthcare,small,8,867.2,8.1,37.9,39.6,2.9,0,8,6,3,stacked_high_density,0.0,aws,42440.0,6012.0,0.49,low,0.199,0.6535,0.8114,1.6639,12.0,39.3,48.8,improve_cooling_efficiency,LOW,6
Finance,small,42,2387.6,0.9,0,14.5,0,0,0,40,16,hot_aisle_cold_aisle,0.0,gcp,14778.0,0,4.02,low,0.0335,1.9402,0.8722,2.8459,1.2,68.2,30.6,low_emission_maintain_practices,LOW,7
Retail,medium,267,20034.4,3.4,16.4,6.5,3.2,20,12,214,15,direct_liquid_cooling,526.9,aws,64965.0,306862.0,167.33,very_high,0.0655,15.898,5.5203,21.4837,0.3,74.0,25.7,switch_to_renewables,HIGH,0
Retail,large,741,39114.2,4.4,0,19.9,1.8,4,2,406,328,hot_aisle_cold_aisle,69.3,azure,40219.0,223358.0,349.15,very_high,0.0496,30.6695,14.2045,44.9237,0.1,68.3,31.6,switch_to_renewables,HIGH,0
Retail,medium,222,8263.1,1.8,2.4,1.8,0.1,14,3,151,101,direct_liquid_cooling,505.9,azure,21869.0,237946.0,173.36,high,0.0108,6.6736,6.0611,12.7455,0.1,52.4,47.6,switch_to_renewables,HIGH,0
Manufacturing,large,1557,90202.5,2.8,142.6,85.2,36.6,0,0,1090,132,stacked_high_density,0.0,aws,18998.0,1887650.0,517.15,very_high,0.6536,71.895,27.5038,100.0524,0.7,71.9,27.5,switch_to_renewables,HIGH,0
Manufacturing,medium,138,6912.1,1.6,172.9,77.4,27.1,31,19,83,42,custom,786.0,gcp,12306.0,69648.0,77.12,medium,0.6975,5.6395,2.4341,8.771,8.0,64.3,27.8,switch_to_renewables,HIGH,0
Manufacturing,medium,185,17816.8,60.0,155.5,34.7,29.0,27,5,157,55,stacked_high_density,661.6,gcp,42254.0,280374.0,15.12,very_high,0.5561,5.914,5.3187,11.7888,4.7,50.2,45.1,reduce_electricity_consumption,HIGH,1
Retail,small,34,4507.0,94.2,29.6,12.0,0,23,2,21,12,custom,830.6,aws,70076.0,17903.0,10.36,medium,0.107,0.2605,1.6775,2.0451,5.2,12.7,82.0,low_emission_maintain_practices,LOW,7
Retail,medium,250,12467.7,55.5,17.1,0,7.3,0,0,144,113,stacked_high_density,0.0,aws,13156.0,276088.0,105.15,high,0.0607,4.5495,6.5297,11.1399,0.5,40.8,58.6,reduce_scope3_purchases,LOW,8
Education,large,1857,199679.7,62.1,50.7,7.6,0,17,18,997,514,hot_aisle_cold_aisle,404.6,aws,40393.0,2799258.0,199.72,very_high,0.1534,62.0866,44.4658,106.7058,0.1,58.2,41.7,reduce_electricity_consumption,HIGH,1
Finance,small,44,4157.7,1.9,57.9,0,9.1,3,14,40,25,hot_aisle_cold_aisle,105.8,aws,61541.0,24372.0,10.38,medium,0.1737,3.3499,2.0949,5.6185,3.1,59.6,37.3,low_emission_maintain_practices,LOW,7
Logistics,medium,163,12533.8,75.9,106.8,44.7,28.2,0,0,140,64,custom,0.0,azure,22624.0,87284.0,25.44,high,0.447,2.4769,3.8021,6.726,6.6,36.8,56.5,reduce_scope3_purchases,LOW,8
Healthcare,medium,130,18707.6,59.8,0,28.6,9.6,33,2,66,24,custom,914.5,azure,0,55688.0,25.22,very_high,0.0857,6.233,1.6018,7.9205,1.1,78.7,20.2,reduce_electricity_consumption,HIGH,1
Logistics,small,14,665.1,4.2,123.5,81.9,35.3,0,0,7,3,stacked_high_density,0.0,azure,47830.0,18751.0,8.6,low,0.5922,0.5225,0.9304,2.045,29.0,25.5,45.5,low_emission_maintain_practices,LOW,7
Logistics,medium,110,8138.8,53.5,231.8,45.9,23.7,33,13,99,9,stacked_high_density,1168.9,gcp,34850.0,135680.0,36.12,high,0.7756,3.1891,2.4208,6.3854,12.1,49.9,37.9,optimize_server_infrastructure,MEDIUM,2
Education,small,50,5697.7,12.1,0,23.9,6.5,1,13,34,11,hot_aisle_cold_aisle,24.9,aws,56962.0,36620.0,37.41,medium,0.0685,4.1086,1.7071,5.8841,1.2,69.8,29.0,switch_to_renewables,HIGH,0
Education,large,1632,101530.5,6.0,16.0,0,8.2,0,0,1409,516,stacked_high_density,0.0,aws,30335.0,1384326.0,230.74,very_high,0.0596,78.2597,36.3113,114.6306,0.1,68.3,31.7,switch_to_renewables,HIGH,0
Logistics,small,31,2318.4,3.1,127.8,58.9,35.3,15,18,25,9,custom,295.2,gcp,50774.0,38604.0,13.35,low,0.5506,1.8723,1.2014,3.6242,15.2,51.7,33.1,low_emission_maintain_practices,LOW,7
Retail,large,1435,50281.6,4.4,31.6,0,3.8,21,4,960,553,hot_aisle_cold_aisle,500.0,none,0,345127.0,1127.36,very_high,0.0924,39.4539,24.9634,64.5098,0.1,61.2,38.7,switch_to_renewables,HIGH,0
Retail,medium,212,11904.7,4.7,60.7,26.5,1.1,34,15,174,36,direct_liquid_cooling,541.1,aws,44934.0,112721.0,30.39,high,0.2261,9.3512,3.9043,13.4816,1.7,69.4,29.0,switch_to_renewables,HIGH,0
Education,medium,162,17510.7,54.8,0,23.7,9.2,11,17,87,64,direct_liquid_cooling,253.3,gcp,0,163951.0,28.35,very_high,0.0735,6.5058,3.6902,10.2695,0.7,63.4,35.9,reduce_electricity_consumption,HIGH,1
IT,medium,140,9204.9,3.1,0,2.7,0,10,0,117,36,stacked_high_density,362.2,azure,69592.0,151865.0,45.46,high,0.0062,7.34,4.0315,11.3777,0.1,64.5,35.4,switch_to_renewables,HIGH,0
Finance,medium,294,18154.5,68.2,0,5.2,10.9,1,5,281,20,custom,27.9,gcp,25052.0,156851.0,149.62,very_high,0.0342,4.736,4.2338,9.004,0.4,52.6,47.0,reduce_electricity_consumption,HIGH,1
Logistics,large,1306,65945.5,79.9,158.9,56.8,32.4,19,5,985,95,stacked_high_density,662.0,azure,34801.0,674143.0,549.19,very_high,0.6232,10.9185,16.1722,27.7138,2.2,39.4,58.4,reduce_electricity_consumption,HIGH,1
Healthcare,medium,192,6900.4,88.0,42.4,0,9.4,8,10,161,39,hot_aisle_cold_aisle,210.0,azure,31465.0,113482.0,82.01,medium,0.1328,0.6932,3.6374,4.4633,3.0,15.5,81.5,reduce_scope3_purchases,LOW,8
Education,small,12,883.1,77.4,41.8,18.7,7.5,17,4,6,4,direct_liquid_cooling,516.1,azure,46625.0,15511.0,8.72,low,0.1705,0.1877,0.9066,1.2649,13.5,14.8,71.7,low_emission_maintain_practices,LOW,7
Education,medium,266,41718.4,28.7,40.3,0,0.1,0,0,173,39,direct_liquid_cooling,0.0,none,0,200637.0,25.25,very_high,0.1082,24.3911,4.0049,28.5041,0.4,85.6,14.1,reduce_electricity_consumption,HIGH,1
Finance,medium,157,12412.3,45.6,44.7,20.6,0,17,14,82,89,stacked_high_density,314.9,none,0,104801.0,37.08,high,0.1674,5.581,3.8374,9.5859,1.7,58.2,40.0,optimize_server_infrastructure,MEDIUM,2
IT,small,25,2784.2,97.6,5.9,22.7,9.3,15,6,16,8,direct_liquid_cooling,243.2,none,0,19715.0,3.27,low,0.0872,0.076,0.4956,0.6589,13.2,11.5,75.2,low_emission_maintain_practices,LOW,7
Retail,small,21,2055.1,14.1,13.9,8.1,0,0,0,11,4,hot_aisle_cold_aisle,0.0,gcp,28864.0,9309.0,3.32,low,0.056,1.4476,0.527,2.0305,2.8,71.3,26.0,low_emission_maintain_practices,LOW,7
Manufacturing,large,1343,82783.1,96.1,121.6,48.8,24.8,0,0,1012,410,direct_liquid_cooling,0.0,none,0,1727623.0,781.03,very_high,0.4892,2.6474,32.66,35.7966,1.4,7.4,91.2,reduce_electricity_consumption,HIGH,1
Healthcare,medium,172,14182.8,4.9,58.0,0,8.3,37,18,136,17,stacked_high_density,1222.3,none,0,199878.0,12.67,high,0.1724,11.1561,3.1249,14.4535,1.2,77.2,21.6,switch_to_renewables,HIGH,0
Education,large,526,30816.0,84.1,53.0,0,2.3,30,16,308,287,custom,685.3,gcp,927.0,118230.0,368.59,very_high,0.1467,4.078,10.9703,15.1951,1.0,26.8,72.2,reduce_electricity_consumption,HIGH,1
Manufacturing,large,1618,151319.0,77.9,229.5,44.7,31.7,31,10,1564,772,custom,735.3,gcp,0,1095673.0,740.06,very_high,0.783,27.4843,41.5331,69.8003,1.1,39.4,59.5,reduce_electricity_consumption,HIGH,1
Retail,medium,260,19904.9,3.9,63.9,0,4.9,17,17,210,91,direct_liquid_cooling,313.3,azure,12654.0,422359.0,57.01,very_high,0.1812,15.7095,7.6153,23.5061,0.8,66.8,32.4,switch_to_renewables,HIGH,0
Finance,small,8,500,16.8,0,0,0,18,10,7,0,direct_liquid_cooling,560.7,azure,35514.0,1396.0,6.02,low,0.0,0.3666,0.546,0.9127,0.0,40.2,59.8,low_emission_maintain_practices,LOW,7
Manufacturing,small,31,3153.3,87.9,220.8,45.1,44.6,0,0,20,8,hot_aisle_cold_aisle,0.0,none,0,13429.0,22.23,medium,0.7869,0.3129,0.477,1.5768,49.9,19.8,30.3,electrify_fleet_reduce_fuel,HIGH,3
Education,small,37,2760.3,42.9,38.7,3.7,16.5,0,0,28,1,custom,0.0,aws,35483.0,37073.0,10.83,low,0.1459,1.2924,1.077,2.5153,5.8,51.4,42.8,low_emission_maintain_practices,LOW,7
Logistics,small,5,500,66.1,200.0,61.9,41.8,10,12,4,2,direct_liquid_cooling,322.6,gcp,16783.0,3072.0,0.75,low,0.7643,0.1532,0.2601,1.1775,64.9,13.0,22.1,electrify_fleet_reduce_fuel,HIGH,3
Education,small,34,2768.0,16.8,5.8,10.4,18.4,5,16,23,18,custom,141.0,aws,59149.0,33682.0,14.59,low,0.0771,1.8985,1.8141,3.7896,2.0,50.1,47.9,low_emission_maintain_practices,LOW,7
Education,large,1400,53924.3,81.8,57.1,17.5,6.5,36,1,915,18,custom,1145.5,gcp,46779.0,272778.0,677.23,very_high,0.2067,8.1199,10.3252,18.6519,1.1,43.5,55.4,reduce_electricity_consumption,HIGH,1
Manufacturing,small,32,3104.6,80.6,187.5,63.0,16.5,26,11,30,7,custom,681.5,aws,14900.0,8411.0,14.54,medium,0.6817,0.5461,0.7132,1.9409,35.1,28.1,36.7,low_emission_maintain_practices,LOW,7
Finance,large,1013,49433.0,71.7,23.7,1.3,0,14,7,646,569,custom,331.2,aws,65982.0,930094.0,517.84,very_high,0.0665,11.4995,28.5684,40.1344,0.2,28.7,71.2,reduce_electricity_consumption,HIGH,1
Finance,small,20,1011.8,94.8,29.6,11.0,10.6,3,4,19,6,direct_liquid_cooling,62.6,gcp,34201.0,32299.0,15.79,low,0.1264,0.0474,0.8751,1.0488,12.0,4.5,83.4,low_emission_maintain_practices,LOW,7
IT,large,753,48584.6,93.6,62.8,45.2,1.7,33,10,489,83,custom,831.8,none,0,614608.0,521.95,very_high,0.2762,2.616,10.9809,13.8731,2.0,18.9,79.2,reduce_electricity_consumption,HIGH,1
Retail,small,34,4364.1,29.2,37.5,30.7,18.7,0,0,23,12,stacked_high_density,0.0,aws,7254.0,33355.0,21.12,medium,0.2096,2.5336,0.8746,3.6178,5.8,70.0,24.2,low_emission_maintain_practices,LOW,7
Manufacturing,large,1676,122182.2,2.4,220.8,45.2,53.3,15,19,1038,323,stacked_high_density,373.7,gcp,96185.0,734821.0,535.39,very_high,0.8049,97.8238,23.4924,122.1211,0.7,80.1,19.2,switch_to_renewables,HIGH,0
Manufacturing,medium,143,12723.3,79.1,128.7,71.3,24.8,0,0,113,61,direct_liquid_cooling,0.0,gcp,23231.0,143851.0,47.89,high,0.5602,2.1805,3.8652,6.606,8.5,33.0,58.5,reduce_scope3_purchases,LOW,8
Finance,small,36,3283.2,89.8,51.2,33.3,11.2,34,20,33,1,hot_aisle_cold_aisle,955.4,aws,64882.0,30136.0,24.55,medium,0.237,0.3348,1.5021,2.0739,11.4,16.1,72.4,low_emission_maintain_practices,LOW,7
Logistics,small,9,669.7,92.4,146.6,60.1,28.8,17,17,8,3,direct_liquid_cooling,262.3,azure,28769.0,8468.0,1.46,low,0.5905,0.0658,0.5987,1.255,47.1,5.2,47.7,electrify_fleet_reduce_fuel,HIGH,3
Finance,small,44,3595.7,87.5,0,0,6.8,2,2,34,1,custom,49.0,aws,67514.0,33065.0,30.1,medium,0.0139,0.3726,1.5729,1.9594,0.7,19.0,80.3,low_emission_maintain_practices,LOW,7
Manufacturing,large,1907,105000.9,29.3,187.5,46.6,24.2,17,17,1764,17,hot_aisle_cold_aisle,331.2,azure,21900.0,437154.0,1114.71,very_high,0.6595,60.9033,18.2126,79.7754,0.8,76.3,22.8,reduce_electricity_consumption,HIGH,1
Finance,medium,288,8786.6,71.7,25.6,1.8,17.8,22,1,264,58,hot_aisle_cold_aisle,570.4,none,0,217026.0,223.69,high,0.1091,2.078,5.3583,7.5454,1.4,27.5,71.0,reduce_scope3_purchases,LOW,8
IT,medium,58,5281.4,83.7,0,11.7,0,0,0,33,24,hot_aisle_cold_aisle,0.0,azure,28583.0,26196.0,7.53,medium,0.027,0.7059,1.4904,2.2233,1.2,31.8,67.0,low_emission_maintain_practices,LOW,7
IT,small,24,1691.7,0.4,11.1,26.1,10.4,20,12,16,1,hot_aisle_cold_aisle,445.9,azure,16291.0,16643.0,8.05,low,0.1113,1.4171,0.5062,2.0345,5.5,69.7,24.9,low_emission_maintain_practices,LOW,7
Manufacturing,small,22,1165.5,54.2,150.5,56.8,20.8,29,3,21,4,stacked_high_density,655.9,none,0,20222.0,6.62,low,0.577,0.5131,0.4337,1.5237,37.9,33.7,28.5,optimize_server_infrastructure,MEDIUM,2
Retail,large,1518,53322.8,86.3,13.1,32.3,0,0,0,1355,332,custom,0.0,azure,31849.0,576230.0,852.03,very_high,0.1097,5.9903,24.5362,30.6362,0.4,19.6,80.1,reduce_electricity_consumption,HIGH,1
Education,large,356,35544.8,2.3,55.8,0,3.0,16,4,191,211,custom,555.6,none,0,215791.0,173.26,very_high,0.1557,28.5085,8.8094,37.4736,0.4,76.1,23.5,switch_to_renewables,HIGH,0
IT,large,1338,172864.1,0.2,2.2,12.6,0,39,1,890,639,custom,1527.6,aws,49303.0,1097827.0,579.36,very_high,0.035,141.5434,33.4406,175.0189,0.0,80.9,19.1,switch_to_renewables,HIGH,0
IT,large,1443,95721.5,59.4,10.2,0,5.7,5,3,969,679,stacked_high_density,118.5,none,0,1002891.0,853.53,very_high,0.039,31.8806,33.6232,65.5428,0.1,48.6,51.3,reduce_electricity_consumption,HIGH,1
Logistics,medium,132,5109.7,0.2,171.4,27.1,29.4,21,17,81,32,custom,818.2,azure,0,135670.0,45.76,medium,0.5819,4.2237,2.5717,7.3773,7.9,57.3,34.9,adopt_cloud_migration,MEDIUM,4
Education,large,1558,216558.2,30.2,9.7,0,0,23,10,983,806,stacked_high_density,608.1,gcp,9066.0,543821.0,763.82,very_high,0.026,124.009,33.4959,157.5309,0.0,78.7,21.3,reduce_electricity_consumption,HIGH,1
Logistics,medium,141,12605.7,3.1,160.0,65.6,28.3,32,12,111,35,custom,957.1,none,0,146514.0,74.25,high,0.6381,10.0805,2.9752,13.6938,4.7,73.6,21.7,switch_to_renewables,HIGH,0
IT,large,1622,194866.4,72.1,41.1,0.2,5.5,35,16,1209,691,custom,883.0,none,0,1028752.0,118.64,very_high,0.1218,44.6518,36.0477,80.8213,0.2,55.2,44.6,reduce_electricity_consumption,HIGH,1
Healthcare,small,23,762.1,91.3,0,8.7,3.9,34,1,22,1,custom,974.4,azure,61094.0,8032.0,8.91,low,0.0281,0.1226,1.0897,1.2403,2.3,9.9,87.9,low_emission_maintain_practices,LOW,7
Education,medium,271,48505.6,68.8,14.6,0,7.2,0,0,212,86,stacked_high_density,0.0,azure,41826.0,141282.0,72.36,very_high,0.0538,12.4097,5.6443,18.1078,0.3,68.5,31.2,reduce_electricity_consumption,HIGH,1
IT,medium,294,40326.6,99.3,85.2,8.6,16.2,0,0,258,119,direct_liquid_cooling,0.0,none,0,403914.0,46.05,very_high,0.2812,0.2315,8.4163,8.929,3.1,2.6,94.3,reduce_electricity_consumption,HIGH,1
Finance,large,851,69484.2,50.1,33.4,22.7,2.8,0,0,620,339,hot_aisle_cold_aisle,0.0,gcp,56212.0,190249.0,296.39,very_high,0.1477,28.4315,15.8879,44.4671,0.3,63.9,35.7,reduce_electricity_consumption,HIGH,1
Logistics,medium,262,12294.5,58.3,205.9,60.4,27.6,29,0,151,71,hot_aisle_cold_aisle,1108.8,none,0,256846.0,39.02,high,0.7476,4.2553,5.1251,10.1281,7.4,42.0,50.6,reduce_scope3_purchases,LOW,8
Logistics,large,919,52604.7,62.7,164.8,54.9,24.6,14,13,459,262,hot_aisle_cold_aisle,456.3,azure,42941.0,365064.0,352.71,very_high,0.6187,16.1145,14.0523,30.7854,2.0,52.3,45.6,reduce_electricity_consumption,HIGH,1
Finance,small,49,2583.9,26.5,71.0,24.5,11.1,0,0,42,3,custom,0.0,azure,44453.0,62135.0,24.88,low,0.2695,1.5573,1.509,3.3359,8.1,46.7,45.2,low_emission_maintain_practices,LOW,7
Education,small,33,2251.1,92.3,38.1,41.3,7.6,22,13,20,12,direct_liquid_cooling,765.1,azure,39877.0,9527.0,16.69,low,0.213,0.1733,1.0898,1.4761,14.4,11.7,73.8,low_emission_maintain_practices,LOW,7
Retail,large,355,34375.9,90.2,0,0,6.6,15,15,351,210,hot_aisle_cold_aisle,423.1,gcp,12203.0,474467.0,169.08,very_high,0.0135,2.789,12.2295,15.032,0.1,18.6,81.4,reduce_electricity_consumption,HIGH,1
IT,medium,190,22468.4,3.8,24.3,14.3,18.1,40,16,133,73,custom,1023.6,azure,46363.0,140759.0,82.36,very_high,0.1351,17.8043,4.7325,22.6719,0.6,78.5,20.9,switch_to_renewables,HIGH,0
Retail,small,14,1281.8,2.0,9.6,0,6.6,0,0,11,0,custom,0.0,azure,22903.0,17625.0,8.07,low,0.0392,1.0301,0.5373,1.6066,2.4,64.1,33.4,low_emission_maintain_practices,LOW,7
Logistics,small,36,5059.6,24.6,154.6,48.4,40.4,0,0,19,15,custom,0.0,aws,1883.0,11586.0,3.3,medium,0.6085,3.1282,0.6674,4.4042,13.8,71.0,15.2,low_emission_maintain_practices,LOW,7
Logistics,large,642,40739.5,7.6,141.0,59.8,33.9,24,4,596,212,stacked_high_density,918.7,none,0,367693.0,140.2,very_high,0.5852,30.9299,13.2587,44.7737,1.3,69.1,29.6,switch_to_renewables,HIGH,0
Education,small,31,2930.7,8.0,75.8,5.4,4.8,29,9,24,0,direct_liquid_cooling,672.3,azure,18682.0,45788.0,18.75,low,0.2254,2.252,0.8086,3.286,6.9,68.5,24.6,low_emission_maintain_practices,LOW,7
IT,small,34,3624.9,23.3,6.5,13.0,4.3,40,0,28,17,direct_liquid_cooling,601.5,gcp,54392.0,37353.0,7.77,medium,0.0562,2.3365,1.4589,3.8517,1.5,60.7,37.9,low_emission_maintain_practices,LOW,7
Finance,medium,297,13825.7,74.9,24.1,16.2,4.5,0,0,207,105,stacked_high_density,0.0,aws,0,359396.0,67.59,high,0.1112,2.8456,7.2866,10.2434,1.1,27.8,71.1,reduce_scope3_purchases,LOW,8
Manufacturing,medium,268,17163.0,13.0,105.8,63.7,19.6,0,0,176,19,stacked_high_density,0.0,gcp,46637.0,198282.0,75.37,very_high,0.4707,12.2441,3.9015,16.6163,2.8,73.7,23.5,reduce_electricity_consumption,HIGH,1
Manufacturing,medium,269,12805.2,32.0,188.2,69.5,33.3,32,1,267,5,direct_liquid_cooling,688.1,none,0,298962.0,124.44,high,0.7329,7.1855,4.6383,12.5567,5.8,57.2,36.9,adopt_cloud_migration,MEDIUM,4
Manufacturing,small,34,1063.1,8.0,159.7,74.4,22.7,0,0,18,20,direct_liquid_cooling,0.0,azure,0,39245.0,4.98,low,0.6462,0.802,0.9845,2.4327,26.6,33.0,40.5,low_emission_maintain_practices,LOW,7
Finance,medium,82,2429.6,96.4,69.7,14.2,7.6,0,0,47,30,direct_liquid_cooling,0.0,azure,45377.0,42407.0,58.39,low,0.2351,0.0717,2.1161,2.4229,9.7,3.0,87.3,low_emission_maintain_practices,LOW,7
Logistics,medium,66,2031.3,15.5,187.6,59.3,37.8,30,17,51,12,custom,708.0,gcp,33005.0,62675.0,14.14,low,0.7169,1.4677,1.5192,3.7037,19.4,39.6,41.0,low_emission_maintain_practices,LOW,7
IT,medium,65,7739.5,13.9,25.3,21.1,0,14,18,59,32,custom,334.2,azure,20703.0,53920.0,39.23,medium,0.1165,5.4923,2.0229,7.6318,1.5,72.0,26.5,switch_to_renewables,HIGH,0
Education,medium,284,27762.2,13.8,86.8,7.7,0,5,1,144,81,stacked_high_density,150.2,gcp,31050.0,293484.0,41.99,very_high,0.2504,19.6364,5.9062,25.793,1.0,76.1,22.9,reduce_electricity_consumption,HIGH,1
Education,large,664,69874.4,13.1,53.1,21.8,2.9,25,18,439,388,hot_aisle_cold_aisle,585.4,none,0,608561.0,427.54,very_high,0.1986,49.8354,18.5886,68.6225,0.3,72.6,27.1,reduce_electricity_consumption,HIGH,1
Finance,medium,217,11838.6,20.3,0,2.0,16.4,0,0,211,50,hot_aisle_cold_aisle,0.0,aws,39057.0,242760.0,142.48,high,0.0381,7.737,5.5191,13.2941,0.3,58.2,41.5,hybrid_work_policy,MEDIUM,9
Education,large,753,78193.2,1.7,46.4,4.5,0,28,0,637,158,direct_liquid_cooling,566.8,aws,28548.0,509408.0,285.13,very_high,0.1347,63.0681,13.7197,76.9226,0.2,82.0,17.8,switch_to_renewables,HIGH,0
Manufacturing,medium,299,8680.4,14.4,181.9,34.4,34.3,0,0,291,13,hot_aisle_cold_aisle,0.0,azure,41286.0,193337.0,31.77,high,0.6369,6.0929,4.752,11.4819,5.5,53.1,41.4,switch_to_renewables,HIGH,0
IT,small,26,1793.4,28.6,2.4,18.2,8.2,0,0,16,1,direct_liquid_cooling,0.0,none,0,2884.0,4.3,low,0.0652,1.05,0.1762,1.2914,5.0,81.3,13.6,low_emission_maintain_practices,LOW,7
Manufacturing,medium,51,2910.0,1.5,161.9,71.0,43.4,25,15,32,19,custom,934.3,none,0,60154.0,9.62,low,0.6864,2.4006,1.2363,4.3233,15.9,55.5,28.6,adopt_cloud_migration,MEDIUM,4
IT,medium,145,8188.6,1.3,33.9,0,0,37,7,131,36,hot_aisle_cold_aisle,1332.7,none,0,77841.0,39.75,high,0.0909,6.6929,2.6106,9.3944,1.0,71.2,27.8,switch_to_renewables,HIGH,0
IT,medium,282,28184.0,19.3,56.1,4.9,9.6,0,0,200,167,stacked_high_density,0.0,none,0,204135.0,56.81,very_high,0.1813,18.6505,7.6259,26.4576,0.7,70.5,28.8,reduce_electricity_consumption,HIGH,1
Education,large,603,61977.1,49.4,90.9,7.3,13.7,39,18,346,204,custom,694.7,aws,58643.0,341438.0,75.82,very_high,0.2884,25.7938,11.7371,37.8193,0.8,68.2,31.0,reduce_electricity_consumption,HIGH,1
Finance,medium,273,18907.3,60.4,50.6,22.7,13.6,2,12,143,77,direct_liquid_cooling,64.5,gcp,34033.0,205091.0,181.01,very_high,0.2158,6.1424,5.1124,11.4706,1.9,53.5,44.6,reduce_electricity_consumption,HIGH,1
Education,medium,130,4966.5,99.5,27.4,15.5,0,5,6,118,57,custom,101.4,gcp,42984.0,47547.0,22.0,medium,0.1092,0.0304,3.2066,3.3462,3.3,0.9,95.8,low_emission_maintain_practices,LOW,7
Manufacturing,medium,232,22050.5,4.4,194.1,64.7,30.5,12,8,174,88,direct_liquid_cooling,427.1,aws,22202.0,122887.0,96.65,very_high,0.7319,17.3028,5.0174,23.0521,3.2,75.1,21.8,switch_to_renewables,HIGH,0
Retail,medium,96,8384.2,1.7,31.0,14.7,5.4,13,7,60,23,stacked_high_density,415.3,aws,73096.0,1363.0,53.92,high,0.1281,6.7919,2.1897,9.1097,1.4,74.6,24.0,switch_to_renewables,HIGH,0
Finance,medium,284,13886.4,77.2,72.7,33.2,0,13,14,259,67,direct_liquid_cooling,415.1,aws,126520.0,247462.0,220.06,high,0.2715,2.6146,7.6976,10.5837,2.6,24.7,72.7,reduce_cloud_carbon,MEDIUM,5
Retail,medium,194,14889.9,79.4,9.0,0,0,12,4,175,93,stacked_high_density,449.9,none,0,92696.0,114.65,high,0.0241,2.5464,4.5828,7.1533,0.3,35.6,64.1,improve_cooling_efficiency,LOW,6
Retail,large,1319,117580.9,15.5,21.9,0,0,22,16,1213,693,direct_liquid_cooling,795.0,azure,20538.0,893514.0,798.9,very_high,0.0587,81.503,35.3275,116.8892,0.1,69.7,30.2,reduce_electricity_consumption,HIGH,1
Retail,large,1956,191203.5,28.7,35.1,40.0,0,37,9,1438,1016,custom,1342.4,aws,55007.0,1057962.0,273.57,very_high,0.1865,111.8633,47.5002,159.5499,0.1,70.1,29.8,reduce_electricity_consumption,HIGH,1
Finance,large,1082,85976.1,37.5,88.2,7.5,9.4,11,2,1074,203,custom,256.5,aws,28835.0,1211448.0,671.81,very_high,0.2729,44.0848,23.9894,68.3471,0.4,64.5,35.1,reduce_electricity_consumption,HIGH,1
Finance,small,41,4070.1,92.3,0,17.4,14.9,0,10,20,18,stacked_high_density,0.0,azure,30906.0,27564.0,6.01,medium,0.0706,0.257,1.2713,1.5989,4.4,16.1,79.5,improve_cooling_efficiency,LOW,6
Finance,medium,179,12294.0,44.9,100.1,0,0,12,5,109,105,custom,185.7,azure,74933.0,133654.0,31.64,high,0.2683,5.5788,5.7161,11.5631,2.3,48.2,49.4,low_emission_maintain_practices,LOW,7
Healthcare,medium,233,15151.5,0.2,69.2,9.3,4.1,26,14,145,98,custom,470.3,azure,25896.0,142012.0,64.27,very_high,0.2153,12.4516,5.2213,17.8882,1.2,69.6,29.2,switch_to_renewables,HIGH,0
Healthcare,large,507,33371.3,1.3,22.1,2.6,7.9,0,0,464,296,stacked_high_density,0.0,gcp,37781.0,356660.0,40.33,very_high,0.0814,27.0087,14.6826,41.7727,0.2,64.7,35.1,switch_to_renewables,HIGH,0
Education,medium,284,11612.8,4.7,0,2.1,18.2,0,0,233,77,hot_aisle_cold_aisle,0.0,gcp,16422.0,223972.0,187.41,high,0.042,9.0749,5.8177,14.9347,0.3,60.8,39.0,switch_to_renewables,HIGH,0
IT,small,23,1527.3,3.4,51.5,0,8.6,39,8,15,1,hot_aisle_cold_aisle,948.3,none,0,25997.0,17.75,low,0.1556,1.2789,0.3532,1.7876,8.7,71.5,19.8,adopt_cloud_migration,MEDIUM,4
Education,medium,264,20708.3,3.2,0,18.4,12.0,36,14,234,96,stacked_high_density,1090.2,azure,1231.0,224168.0,188.94,very_high,0.067,16.5309,6.1976,22.7956,0.3,72.5,27.2,switch_to_renewables,HIGH,0
Logistics,medium,62,2174.2,18.1,146.1,72.7,23.1,39,3,38,12,custom,1230.2,none,0,77197.0,44.58,low,0.6066,1.5384,1.2353,3.3804,17.9,45.5,36.5,adopt_cloud_migration,MEDIUM,4
IT,large,412,16641.4,17.6,25.2,0,1.9,35,20,254,113,custom,877.9,none,0,445839.0,47.8,very_high,0.0714,11.3145,8.5616,19.9475,0.4,56.7,42.9,reduce_electricity_consumption,HIGH,1
Education,medium,165,12809.6,0.1,19.0,0,0,32,17,120,33,stacked_high_density,1003.7,aws,49590.0,15686.0,49.33,high,0.0509,10.5765,2.6909,13.3184,0.4,79.4,20.2,switch_to_renewables,HIGH,0
Healthcare,large,1529,91583.6,41.1,0,0,3.3,0,0,1392,681,stacked_high_density,0.0,none,0,1880750.0,291.52,very_high,0.0067,44.233,44.049,88.2888,0.0,50.1,49.9,reduce_electricity_consumption,HIGH,1
Education,medium,106,8830.2,3.9,50.8,0,0,0,16,75,37,hot_aisle_cold_aisle,0.0,azure,14240.0,75438.0,70.11,high,0.1361,6.9584,2.3665,9.4611,1.4,73.5,25.0,switch_to_renewables,HIGH,0
Retail,small,29,2287.8,13.0,3.0,18.2,1.0,0,0,22,5,direct_liquid_cooling,0.0,azure,73461.0,28129.0,7.77,low,0.0521,1.6321,1.523,3.2072,1.6,50.9,47.5,low_emission_maintain_practices,LOW,7
Logistics,medium,286,32788.0,77.9,170.9,69.3,19.7,26,17,203,2,direct_liquid_cooling,960.4,aws,33999.0,292106.0,158.07,very_high,0.6583,5.9787,4.5074,11.1444,5.9,53.6,40.4,reduce_electricity_consumption,HIGH,1
Manufacturing,small,22,2183.4,42.5,150.2,56.2,31.5,35,7,19,10,custom,732.9,gcp,19303.0,16642.0,7.4,low,0.5966,1.0997,0.7213,2.4177,24.7,45.5,29.8,low_emission_maintain_practices,LOW,7
Healthcare,medium,295,28044.5,29.1,65.4,0,0,23,18,289,52,stacked_high_density,791.3,azure,36259.0,282172.0,227.7,very_high,0.1753,16.3643,6.4086,22.9481,0.8,71.3,27.9,reduce_electricity_consumption,HIGH,1
IT,large,1353,54673.6,43.2,2.1,30.6,7.6,3,20,1063,290,direct_liquid_cooling,81.8,gcp,41936.0,0,595.94,very_high,0.0918,25.469,16.4524,42.0132,0.2,60.6,39.2,reduce_electricity_consumption,HIGH,1
Retail,large,627,38910.7,41.1,11.5,18.1,5.2,0,3,597,230,direct_liquid_cooling,0.0,azure,0,868933.0,182.27,very_high,0.0832,18.7931,17.7517,36.628,0.2,51.3,48.5,reduce_electricity_consumption,HIGH,1
Finance,small,29,1420.6,95.4,86.7,18.7,8.4,10,17,17,10,hot_aisle_cold_aisle,306.7,azure,58090.0,31258.0,3.71,low,0.2927,0.0713,1.4329,1.7969,16.3,4.0,79.7,low_emission_maintain_practices,LOW,7
IT,large,1998,156931.2,24.4,0,13.4,7.3,35,2,1406,540,stacked_high_density,1322.1,none,0,1737925.0,748.79,very_high,0.0458,97.3757,39.2949,136.7165,0.0,71.2,28.7,reduce_electricity_consumption,HIGH,1
Retail,small,29,1892.7,3.1,15.7,16.4,3.3,19,19,27,6,hot_aisle_cold_aisle,418.7,aws,0,25531.0,4.42,low,0.0867,1.5376,0.5765,2.2007,3.9,69.9,26.2,adopt_cloud_migration,MEDIUM,4
IT,medium,254,13263.6,75.7,3.4,0,1.6,0,0,177,83,hot_aisle_cold_aisle,0.0,aws,16010.0,362094.0,184.83,high,0.0124,2.6429,6.7299,9.3852,0.1,28.2,71.7,reduce_scope3_purchases,LOW,8
Logistics,medium,105,6021.5,10.5,121.5,69.0,15.1,35,14,56,6,hot_aisle_cold_aisle,779.3,none,0,121665.0,58.11,medium,0.5158,4.4812,1.5752,6.5722,7.8,68.2,24.0,adopt_cloud_migration,MEDIUM,4
Logistics,small,11,577.8,54.3,116.6,50.2,25.4,0,10,9,4,stacked_high_density,0.0,gcp,46400.0,10068.0,6.6,low,0.4803,0.2165,0.675,1.3718,35.0,15.8,49.2,improve_cooling_efficiency,LOW,6
Education,medium,169,10770.2,3.9,14.3,37.6,9.1,40,2,156,64,hot_aisle_cold_aisle,1492.1,none,0,106984.0,105.95,high,0.1437,8.558,3.781,12.4827,1.2,68.6,30.3,switch_to_renewables,HIGH,0
Manufacturing,small,7,500,48.3,120.4,42.5,32.1,32,0,6,2,stacked_high_density,1158.4,azure,30622.0,4062.0,1.19,low,0.4863,0.2951,0.5462,1.3276,36.6,22.2,41.1,optimize_server_infrastructure,MEDIUM,2
Retail,large,1459,172031.7,2.4,15.1,7.0,6.7,0,0,1399,771,direct_liquid_cooling,0.0,aws,51962.0,1104362.0,843.01,very_high,0.0703,137.6804,41.0488,178.7995,0.0,77.0,23.0,switch_to_renewables,HIGH,0
Healthcare,large,1598,180554.4,2.7,4.8,9.6,26.5,0,0,1492,466,custom,0.0,none,0,1334227.0,1137.02,very_high,0.0891,144.0571,34.7929,178.9391,0.0,80.5,19.4,switch_to_renewables,HIGH,0
Logistics,medium,93,4644.4,2.6,156.7,87.2,28.3,13,18,65,13,stacked_high_density,405.4,azure,1845.0,54657.0,48.56,medium,0.6791,3.7432,1.3202,5.7424,11.8,65.2,23.0,optimize_server_infrastructure,MEDIUM,2
Logistics,small,41,1678.3,0.8,142.3,32.4,35.3,30,15,28,3,stacked_high_density,614.5,azure,24316.0,18778.0,7.21,low,0.5282,1.4431,0.7794,2.7508,19.2,52.5,28.3,optimize_server_infrastructure,MEDIUM,2
Manufacturing,large,1002,94303.9,3.0,84.9,55.3,24.0,11,15,767,452,hot_aisle_cold_aisle,406.4,aws,0,591107.0,503.61,very_high,0.4042,75.0288,22.7363,98.1693,0.4,76.4,23.2,switch_to_renewables,HIGH,0
Education,small,48,4294.6,14.3,0,12.9,0,36,3,35,6,custom,660.5,aws,66463.0,30247.0,17.11,medium,0.0298,3.0903,1.6745,4.7946,0.6,64.5,34.9,low_emission_maintain_practices,LOW,7
Logistics,small,5,656.9,19.4,160.3,45.5,36.6,16,17,4,2,custom,465.9,none,0,5308.0,3.08,low,0.6094,0.4663,0.1269,1.2026,50.7,38.8,10.6,electrify_fleet_reduce_fuel,HIGH,3
Logistics,medium,192,15613.7,86.9,153.2,79.4,42.2,0,0,163,18,stacked_high_density,0.0,azure,0,146532.0,124.92,very_high,0.6801,1.6772,2.9384,5.2957,12.8,31.7,55.5,reduce_electricity_consumption,HIGH,1
IT,large,1728,188070.1,89.4,34.6,19.8,7.2,0,0,1668,415,hot_aisle_cold_aisle,0.0,gcp,21943.0,476926.0,1312.05,very_high,0.1532,16.3471,28.1795,44.6797,0.3,36.6,63.1,reduce_electricity_consumption,HIGH,1
Healthcare,small,45,4656.5,18.0,28.9,12.0,6.9,0,0,24,7,hot_aisle_cold_aisle,0.0,none,0,25106.0,22.03,medium,0.1192,3.131,0.5757,3.826,3.1,81.8,15.0,low_emission_maintain_practices,LOW,7
Retail,large,332,37092.9,44.2,48.5,7.2,0.9,36,0,250,111,direct_liquid_cooling,697.5,gcp,19810.0,230113.0,144.41,very_high,0.1484,17.0232,6.9296,24.1013,0.6,70.6,28.8,reduce_electricity_consumption,HIGH,1
Education,medium,275,23379.9,87.5,26.2,23.7,6.9,1,15,190,130,hot_aisle_cold_aisle,21.4,azure,0,184755.0,78.87,very_high,0.139,2.3982,6.4148,8.9521,1.6,26.8,71.7,reduce_electricity_consumption,HIGH,1
IT,medium,183,12457.4,44.4,7.3,6.8,2.8,11,6,112,26,custom,367.7,gcp,46163.0,159619.0,43.42,high,0.041,5.7017,3.2659,9.0085,0.5,63.3,36.3,low_emission_maintain_practices,LOW,7
Education,large,1030,51244.5,0.5,72.1,0,9.5,36,8,908,315,custom,704.6,none,0,500040.0,223.07,very_high,0.2126,41.8827,19.5077,61.6029,0.3,68.0,31.7,switch_to_renewables,HIGH,0
Finance,large,563,20998.4,17.6,0,33.0,3.2,0,0,309,122,stacked_high_density,0.0,gcp,37511.0,612741.0,141.91,very_high,0.0828,14.1882,10.9076,25.1786,0.3,56.4,43.3,reduce_electricity_consumption,HIGH,1
Healthcare,large,1003,54441.7,14.3,25.2,23.3,12.7,0,0,904,334,hot_aisle_cold_aisle,0.0,none,0,1041708.0,605.72,very_high,0.1473,38.2584,24.3109,62.7166,0.2,61.0,38.8,reduce_electricity_consumption,HIGH,1
Education,medium,257,10620.9,74.7,2.3,11.0,6.6,0,0,233,73,stacked_high_density,0.0,aws,23930.0,117368.0,82.43,high,0.045,2.2034,5.0705,7.3189,0.6,30.1,69.3,reduce_scope3_purchases,LOW,8
Healthcare,large,1442,173381.1,5.5,0,0.0,11.4,32,15,995,247,custom,1191.7,azure,68724.0,1711837.0,1076.34,very_high,0.0233,134.4172,29.0237,163.4642,0.0,82.2,17.8,switch_to_renewables,HIGH,0
Retail,medium,212,14241.2,34.0,0,0,0,23,18,125,2,custom,583.0,azure,14579.0,63846.0,122.01,high,0.0,7.7535,1.7504,9.5039,0.0,81.6,18.4,hybrid_work_policy,MEDIUM,9
Education,small,18,500,0.5,0,25.4,10.4,0,0,11,3,custom,0.0,azure,39745.0,23731.0,1.29,low,0.0799,0.4079,0.8927,1.3806,5.8,29.5,64.7,low_emission_maintain_practices,LOW,7
Healthcare,large,1031,141833.1,78.7,0,23.5,3.4,40,20,845,191,custom,1123.5,gcp,15231.0,530731.0,120.8,very_high,0.0612,24.8529,16.1177,41.0318,0.1,60.6,39.3,reduce_electricity_consumption,HIGH,1
Retail,medium,144,9821.7,5.3,16.5,28.1,1.5,19,0,114,68,custom,664.0,gcp,3102.0,160044.0,54.41,high,0.1122,7.6651,4.0064,11.7836,1.0,65.0,34.0,switch_to_renewables,HIGH,0
Healthcare,small,15,1957.4,25.7,31.0,0,9.3,0,0,13,1,direct_liquid_cooling,0.0,gcp,0,17087.0,5.84,low,0.1021,1.1926,0.2661,1.5607,6.5,76.4,17.0,low_emission_maintain_practices,LOW,7
Retail,large,1576,133560.8,1.6,19.3,33.6,4.2,0,0,1119,742,custom,0.0,none,0,806583.0,1258.39,very_high,0.1379,107.7675,34.9039,142.8094,0.1,75.5,24.4,switch_to_renewables,HIGH,0
Manufacturing,medium,229,18867.0,81.4,200.6,70.2,44.4,0,3,226,33,stacked_high_density,0.0,aws,42796.0,325003.0,27.59,very_high,0.7903,2.8776,5.9031,9.571,8.3,30.1,61.7,reduce_electricity_consumption,HIGH,1
Retail,large,727,48936.6,1.6,1.4,0,5.8,3,6,521,6,hot_aisle_cold_aisle,62.7,gcp,8374.0,433479.0,168.89,very_high,0.0156,39.4913,7.8279,47.3348,0.0,83.4,16.5,switch_to_renewables,HIGH,0
Education,small,42,3098.2,37.9,31.3,6.3,3.0,34,3,27,14,stacked_high_density,924.7,gcp,39185.0,16632.0,8.18,medium,0.1046,1.666,1.0692,2.8397,3.7,58.7,37.7,optimize_server_infrastructure,MEDIUM,2
Healthcare,large,1074,85793.1,15.9,73.1,15.4,11.8,17,19,620,190,stacked_high_density,284.3,gcp,3428.0,737038.0,678.7,very_high,0.2556,59.2088,15.8536,75.3179,0.3,78.6,21.0,reduce_electricity_consumption,HIGH,1
Manufacturing,large,1077,124750.8,81.3,122.0,42.6,28.6,39,9,711,62,direct_liquid_cooling,984.6,aws,86707.0,1137370.0,198.15,very_high,0.4837,19.1845,17.6675,37.3357,1.3,51.4,47.3,reduce_electricity_consumption,HIGH,1
IT,small,17,686.1,54.5,32.1,0,13.1,0,0,16,8,stacked_high_density,0.0,none,0,14358.0,7.96,low,0.1128,0.256,0.4528,0.8215,13.7,31.2,55.1,low_emission_maintain_practices,LOW,7
Education,medium,261,15391.1,3.5,1.0,44.0,8.5,34,12,216,89,stacked_high_density,674.2,azure,27230.0,84256.0,159.1,very_high,0.1217,12.2673,5.102,17.4909,0.7,70.1,29.2,switch_to_renewables,HIGH,0
Healthcare,large,1481,83689.7,21.6,2.8,17.9,20.7,22,10,1045,562,direct_liquid_cooling,794.7,gcp,105309.0,592542.0,311.67,very_high,0.0911,53.8336,28.8013,82.726,0.1,65.1,34.8,reduce_electricity_consumption,HIGH,1
Healthcare,large,1825,80845.5,49.9,41.1,10.8,5.7,13,10,1773,900,hot_aisle_cold_aisle,445.7,azure,28175.0,2132665.0,304.92,very_high,0.1467,33.236,55.2438,88.6265,0.2,37.5,62.3,reduce_electricity_consumption,HIGH,1
Logistics,medium,144,17815.5,11.4,173.5,66.2,20.8,36,3,130,32,direct_liquid_cooling,573.6,aws,33170.0,161034.0,102.22,very_high,0.6603,12.9943,3.6602,17.3149,3.8,75.0,21.1,reduce_electricity_consumption,HIGH,1
Logistics,medium,157,16335.5,0.6,155.0,45.5,29.2,9,10,131,93,stacked_high_density,169.5,none,0,142745.0,96.5,very_high,0.5801,13.3381,4.6347,18.5529,3.1,71.9,25.0,switch_to_renewables,HIGH,0
Retail,large,1334,34580.8,94.9,46.9,25.2,9.8,8,4,992,522,custom,231.9,azure,0,383704.0,591.21,very_high,0.2039,1.4622,24.7071,26.3732,0.8,5.5,93.7,reduce_electricity_consumption,HIGH,1
Retail,small,9,500,7.8,44.4,0,14.7,10,11,6,4,custom,305.8,azure,37521.0,10511.0,5.56,low,0.149,0.3981,0.7437,1.2908,11.5,30.8,57.6,low_emission_maintain_practices,LOW,7
Retail,small,12,1172.8,0.7,66.8,6.9,5.5,0,0,9,1,stacked_high_density,0.0,none,0,0,6.86,low,0.2062,0.955,0.0977,1.2588,16.4,75.9,7.8,low_emission_maintain_practices,LOW,7
Education,large,338,12185.6,18.2,17.1,0,0,0,0,323,73,direct_liquid_cooling,0.0,aws,43157.0,540232.0,181.53,high,0.0458,8.1736,9.4546,17.674,0.3,46.2,53.5,reduce_scope3_purchases,LOW,8
Manufacturing,small,29,2302.9,3.5,174.7,97.1,18.3,0,0,20,2,direct_liquid_cooling,0.0,gcp,15311.0,18840.0,8.03,low,0.7298,1.8223,0.4997,3.0518,23.9,59.7,16.4,low_emission_maintain_practices,LOW,7
Healthcare,large,865,73849.2,3.1,45.4,6.6,0.6,0,0,725,452,custom,0.0,azure,50935.0,300201.0,319.92,very_high,0.1381,58.6791,20.764,79.5813,0.2,73.7,26.1,switch_to_renewables,HIGH,0
Education,medium,283,27004.8,8.3,54.6,27.5,19.1,9,20,220,161,stacked_high_density,206.4,aws,0,313477.0,45.04,very_high,0.2488,20.3294,8.5006,29.0788,0.9,69.9,29.2,switch_to_renewables,HIGH,0
Manufacturing,small,25,3686.7,52.2,152.6,53.0,35.4,17,19,15,0,stacked_high_density,508.5,aws,68875.0,15688.0,10.67,medium,0.6036,1.4892,1.2774,3.3702,17.9,44.2,37.9,optimize_server_infrastructure,MEDIUM,2
Manufacturing,large,1261,93651.3,26.3,200.0,65.1,36.3,12,6,1232,332,hot_aisle_cold_aisle,233.1,none,0,1046484.0,713.6,very_high,0.7604,56.6185,26.8941,84.273,0.9,67.2,31.9,reduce_electricity_consumption,HIGH,1
Healthcare,medium,278,13813.1,3.7,29.9,22.8,10.6,15,16,144,64,custom,593.9,aws,39927.0,333620.0,198.3,high,0.1544,10.9378,6.0979,17.1901,0.9,63.6,35.5,switch_to_renewables,HIGH,0
Logistics,medium,169,6663.1,3.4,214.7,50.6,30.0,34,4,122,18,custom,861.5,azure,38041.0,115427.0,49.53,medium,0.7535,5.3462,2.8784,8.9781,8.4,59.5,32.1,switch_to_renewables,HIGH,0
Logistics,large,1758,175135.6,90.5,134.9,64.6,20.7,24,17,1029,353,custom,386.3,azure,37329.0,1741028.0,1102.03,very_high,0.553,13.6912,31.901,46.1453,1.2,29.7,69.1,reduce_electricity_consumption,HIGH,1
Healthcare,small,31,1676.2,1.4,0,10.2,3.8,31,17,23,4,hot_aisle_cold_aisle,936.2,none,0,11970.0,15.53,low,0.0313,1.4101,0.3835,1.825,1.7,77.3,21.0,adopt_cloud_migration,MEDIUM,4
Manufacturing,small,20,2323.3,20.7,176.2,64.7,31.3,38,9,10,5,direct_liquid_cooling,1444.4,azure,35082.0,19460.0,10.91,low,0.6855,1.5646,0.8405,3.0906,22.2,50.6,27.2,low_emission_maintain_practices,LOW,7
IT,large,1519,141000.0,2.8,28.1,0,16.9,35,2,852,783,direct_liquid_cooling,937.0,gcp,2197.0,484858.0,868.67,very_high,0.1098,112.4322,31.3177,143.8597,0.1,78.2,21.8,switch_to_renewables,HIGH,0
Finance,large,420,16041.3,79.4,4.7,1.7,0,8,19,342,124,custom,223.9,azure,17066.0,427044.0,112.5,very_high,0.0165,2.7258,9.629,12.3713,0.1,22.0,77.8,reduce_electricity_consumption,HIGH,1
Finance,small,5,500,84.1,51.7,13.9,6.9,18,8,3,0,hot_aisle_cold_aisle,408.5,aws,13787.0,5360.0,1.74,low,0.1847,0.0971,0.2734,0.5553,33.3,17.5,49.2,low_emission_maintain_practices,LOW,7
Finance,large,1562,203307.6,98.4,37.6,0,0,34,10,1104,695,custom,1176.4,gcp,34074.0,385982.0,728.49,very_high,0.1008,2.7356,30.4862,33.3226,0.3,8.2,91.5,reduce_electricity_consumption,HIGH,1
Retail,small,18,1299.1,27.9,39.7,0,0,0,0,10,8,custom,0.0,gcp,51821.0,12664.0,1.33,low,0.1064,0.7681,0.8581,1.7326,6.1,44.3,49.5,low_emission_maintain_practices,LOW,7
Manufacturing,medium,73,4544.6,77.5,190.1,77.0,33.1,1,15,70,32,stacked_high_density,19.8,gcp,0,60994.0,51.38,medium,0.7549,0.8411,1.8872,3.4831,21.7,24.1,54.2,improve_cooling_efficiency,LOW,6
IT,large,1686,179120.9,1.0,21.6,14.2,14.4,2,3,1482,646,direct_liquid_cooling,31.1,azure,0,1158797.0,434.12,very_high,0.1201,145.4132,38.0622,183.5955,0.1,79.2,20.7,switch_to_renewables,HIGH,0
Manufacturing,medium,248,19326.2,0.6,113.5,55.0,27.5,36,7,200,50,stacked_high_density,604.1,none,0,433973.0,21.84,very_high,0.4873,15.8459,6.3758,22.709,2.1,69.8,28.1,switch_to_renewables,HIGH,0
Healthcare,small,35,4623.6,97.8,34.2,1.7,10.7,0,0,30,9,hot_aisle_cold_aisle,0.0,azure,67561.0,41896.0,20.09,medium,0.1174,0.0834,1.7224,1.9233,6.1,4.3,89.6,low_emission_maintain_practices,LOW,7
Retail,small,34,1556.0,37.2,0,0,12.8,20,14,25,7,custom,315.1,none,0,33470.0,10.59,low,0.0261,0.8414,0.6506,1.5181,1.7,55.4,42.9,adopt_cloud_migration,MEDIUM,4
Education,large,561,36772.8,2.0,14.3,25.8,0.0,0,0,388,114,stacked_high_density,0.0,none,0,359553.0,358.05,very_high,0.0979,29.5506,8.959,38.6075,0.3,76.5,23.2,switch_to_renewables,HIGH,0
IT,medium,196,16979.2,91.5,18.9,0,0.1,28,5,104,12,direct_liquid_cooling,1089.1,none,0,104060.0,18.84,very_high,0.0509,1.2231,1.973,3.2469,1.6,37.7,60.8,reduce_electricity_consumption,HIGH,1
Finance,small,13,1791.5,20.9,0,7.1,0.3,20,9,12,5,direct_liquid_cooling,759.3,gcp,22241.0,17262.0,6.61,low,0.017,1.1903,0.5653,1.7727,1.0,67.2,31.9,low_emission_maintain_practices,LOW,7
Logistics,large,1128,117959.0,4.3,72.6,44.7,35.0,0,0,786,215,custom,0.0,none,0,1136073.0,399.9,very_high,0.3692,92.5671,20.9897,113.9261,0.3,81.3,18.4,switch_to_renewables,HIGH,0
Education,medium,190,9783.5,48.0,39.6,6.1,1.2,0,0,179,75,hot_aisle_cold_aisle,0.0,azure,60892.0,207271.0,68.76,high,0.1227,4.1717,5.8779,10.1722,1.2,41.0,57.8,reduce_scope3_purchases,LOW,8
Manufacturing,medium,279,23476.8,57.6,130.7,68.0,40.0,15,16,215,61,direct_liquid_cooling,379.1,aws,0,150804.0,37.63,very_high,0.589,8.1837,4.5196,13.2923,4.4,61.6,34.0,reduce_electricity_consumption,HIGH,1
Healthcare,medium,297,32933.0,4.9,62.9,15.0,2.8,4,20,282,95,direct_liquid_cooling,121.3,aws,597.0,265285.0,119.37,very_high,0.2089,25.6875,6.8727,32.7691,0.6,78.4,21.0,switch_to_renewables,HIGH,0
IT,large,979,89523.9,76.1,11.8,0,0,18,19,529,296,hot_aisle_cold_aisle,399.1,gcp,29554.0,1324806.0,251.03,very_high,0.0316,17.5768,22.8685,40.4769,0.1,43.4,56.5,reduce_electricity_consumption,HIGH,1
Finance,medium,54,3401.0,21.5,0,17.7,13.9,0,0,43,26,hot_aisle_cold_aisle,0.0,none,0,43587.0,18.22,medium,0.0692,2.1892,1.3757,3.6341,1.9,60.2,37.9,low_emission_maintain_practices,LOW,7
Education,large,1202,90946.1,72.1,29.2,5.5,0,34,7,835,189,custom,1091.0,none,0,1084183.0,70.79,very_high,0.091,20.8749,20.2763,41.2421,0.2,50.6,49.2,reduce_electricity_consumption,HIGH,1
Healthcare,medium,148,17445.4,99.1,14.2,35.8,0,17,3,102,68,direct_liquid_cooling,533.1,azure,26721.0,39867.0,29.04,very_high,0.1208,0.1528,3.2827,3.5563,3.4,4.3,92.3,reduce_electricity_consumption,HIGH,1
Logistics,medium,224,22851.8,3.4,184.2,50.0,31.9,0,0,181,7,stacked_high_density,0.0,azure,63932.0,140098.0,130.16,very_high,0.6742,18.1014,3.6022,22.3778,3.0,80.9,16.1,switch_to_renewables,HIGH,0
Retail,small,10,1285.2,19.2,56.9,3.9,16.3,0,0,6,2,custom,0.0,gcp,27993.0,14961.0,2.58,low,0.1948,0.8515,0.4719,1.5182,12.8,56.1,31.1,low_emission_maintain_practices,LOW,7
Healthcare,small,29,2175.4,9.4,24.4,0,12.2,0,0,23,15,custom,0.0,gcp,37751.0,25928.0,13.88,low,0.0903,1.6161,1.1253,2.8318,3.2,57.1,39.7,low_emission_maintain_practices,LOW,7
Finance,medium,249,19040.5,63.2,14.7,0,0.6,31,15,215,121,custom,778.0,aws,28029.0,197177.0,190.64,very_high,0.0406,5.8079,6.8951,12.7436,0.3,45.6,54.1,reduce_electricity_consumption,HIGH,1
Retail,medium,82,7796.7,3.4,13.8,0,0.6,0,0,52,9,custom,0.0,aws,65996.0,55824.0,22.48,medium,0.0382,6.1759,2.086,8.3001,0.5,74.4,25.1,switch_to_renewables,HIGH,0
Logistics,medium,280,10130.5,4.4,117.9,71.1,29.9,34,20,275,136,direct_liquid_cooling,934.7,aws,38263.0,232775.0,179.43,high,0.5412,7.9897,8.2045,16.7354,3.2,47.7,49.0,switch_to_renewables,HIGH,0
IT,small,30,1346.1,22.0,0,18.1,6.0,30,19,24,0,hot_aisle_cold_aisle,632.0,aws,68283.0,11455.0,3.69,low,0.0541,0.9141,1.306,2.2741,2.4,40.2,57.4,low_emission_maintain_practices,LOW,7
Finance,large,650,91578.2,19.9,46.6,0,18.0,25,10,512,53,hot_aisle_cold_aisle,984.9,azure,32993.0,172730.0,196.06,very_high,0.1616,60.1947,7.2815,67.6378,0.2,89.0,10.8,reduce_electricity_consumption,HIGH,1
Education,small,22,689.8,2.8,48.5,21.9,0,1,15,12,1,hot_aisle_cold_aisle,15.2,gcp,0,25625.0,13.85,low,0.1806,0.5516,0.3264,1.0586,17.1,52.1,30.8,low_emission_maintain_practices,LOW,7
Logistics,large,560,22966.7,28.5,121.9,23.2,30.0,19,11,345,39,custom,287.2,aws,0,144626.0,442.45,very_high,0.4415,13.5035,4.919,18.864,2.3,71.6,26.1,reduce_electricity_consumption,HIGH,1
Finance,large,750,48681.8,96.9,10.4,20.0,15.7,0,0,538,150,direct_liquid_cooling,0.0,none,0,1074572.0,557.73,very_high,0.1061,1.2375,16.8175,18.1611,0.6,6.8,92.6,reduce_electricity_consumption,HIGH,1
Finance,small,15,1643.8,74.8,39.3,31.4,0,6,7,10,1,custom,220.5,none,0,21268.0,7.33,low,0.1779,0.3517,0.2757,0.8053,22.1,43.7,34.2,low_emission_maintain_practices,LOW,7
Manufacturing,small,32,1650.3,66.0,135.5,58.0,31.8,17,4,23,3,hot_aisle_cold_aisle,617.0,gcp,33937.0,36115.0,5.36,low,0.562,0.4902,0.8557,1.9079,29.5,25.7,44.9,low_emission_maintain_practices,LOW,7
Healthcare,large,1553,134415.7,15.3,7.1,0,6.5,0,0,968,304,custom,0.0,azure,56028.0,719728.0,251.16,very_high,0.0323,93.3571,22.2064,115.5957,0.0,80.8,19.2,reduce_electricity_consumption,HIGH,1
Finance,large,311,33474.7,3.7,50.3,3.8,5.1,26,6,192,186,stacked_high_density,623.0,aws,8853.0,262239.0,179.6,very_high,0.154,26.5012,8.6617,35.3169,0.4,75.0,24.5,switch_to_renewables,HIGH,0
Logistics,large,1831,184481.9,97.4,145.1,40.1,18.2,0,0,1187,827,direct_liquid_cooling,0.0,azure,32410.0,1172248.0,1301.17,very_high,0.5186,3.9332,41.0494,45.5011,1.1,8.6,90.2,reduce_electricity_consumption,HIGH,1
Manufacturing,large,413,36587.0,53.3,134.7,46.0,20.0,13,4,229,118,direct_liquid_cooling,272.6,azure,30843.0,50997.0,119.91,very_high,0.5081,14.029,5.7532,20.2903,2.5,69.1,28.4,reduce_electricity_consumption,HIGH,1
Finance,medium,179,16127.9,56.3,35.7,0,0,4,6,124,19,custom,68.7,aws,45531.0,179699.0,102.53,very_high,0.0957,5.7873,3.6042,9.4872,1.0,61.0,38.0,reduce_electricity_consumption,HIGH,1
Finance,medium,89,6982.1,57.1,19.5,0,9.0,0,0,80,44,hot_aisle_cold_aisle,0.0,gcp,10530.0,88384.0,47.57,medium,0.0706,2.4562,2.597,5.1238,1.4,47.9,50.7,reduce_scope3_purchases,LOW,8
Education,medium,175,12758.1,12.6,0,8.9,14.2,3,4,171,64,direct_liquid_cooling,66.3,azure,25131.0,84276.0,136.48,high,0.0495,9.1477,4.0574,13.2546,0.4,69.0,30.6,switch_to_renewables,HIGH,0
Manufacturing,large,1719,197801.5,58.7,132.9,66.5,42.0,22,4,1697,550,direct_liquid_cooling,576.6,aws,52342.0,1039561.0,729.82,very_high,0.5955,67.0186,37.0619,104.676,0.6,64.0,35.4,reduce_electricity_consumption,HIGH,1
Education,small,34,4997.6,62.4,91.1,29.4,3.7,0,0,18,9,custom,0.0,aws,50253.0,40420.0,9.56,medium,0.3196,1.5409,1.4573,3.3178,9.6,46.4,43.9,low_emission_maintain_practices,LOW,7
Manufacturing,medium,209,20251.9,59.2,154.4,78.5,31.4,5,16,137,75,custom,99.3,aws,49855.0,124150.0,33.64,very_high,0.6592,6.7855,4.8061,12.2508,5.4,55.4,39.2,reduce_electricity_consumption,HIGH,1
Logistics,medium,145,11110.8,84.3,152.1,87.0,29.3,0,0,102,72,custom,0.0,aws,43168.0,154698.0,114.74,high,0.6684,1.4304,4.5937,6.6925,10.0,21.4,68.6,reduce_scope3_purchases,LOW,8
Logistics,large,987,47032.0,88.3,137.5,29.7,22.7,0,0,735,487,custom,0.0,gcp,40785.0,499895.0,463.36,very_high,0.4834,4.5123,23.0442,28.0399,1.7,16.1,82.2,reduce_electricity_consumption,HIGH,1
Finance,medium,108,4047.4,53.6,25.4,24.0,20.7,1,3,106,38,direct_liquid_cooling,27.3,gcp,1815.0,59199.0,75.74,medium,0.1657,1.5414,2.3326,4.0398,4.1,38.2,57.7,reduce_scope3_purchases,LOW,8
Manufacturing,large,1705,119895.9,2.6,135.8,46.9,44.9,0,0,1160,650,stacked_high_density,0.0,gcp,49797.0,1534665.0,902.3,very_high,0.5639,95.7585,39.0727,135.395,0.4,70.7,28.9,switch_to_renewables,HIGH,0
Retail,small,37,1341.2,46.1,0,1.0,0,0,0,18,11,direct_liquid_cooling,0.0,gcp,34638.0,14597.0,27.41,low,0.0023,0.5928,0.8615,1.4566,0.2,40.7,59.1,low_emission_maintain_practices,LOW,7
Finance,small,11,500,4.0,23.8,4.2,5.8,1,15,7,5,direct_liquid_cooling,22.8,gcp,40008.0,12112.0,6.69,low,0.0853,0.395,0.6444,1.1247,7.6,35.1,57.3,low_emission_maintain_practices,LOW,7
IT,small,19,707.3,1.5,0,27.1,6.1,12,3,14,0,hot_aisle_cold_aisle,417.9,aws,36242.0,13971.0,5.25,low,0.075,0.5925,0.7663,1.4339,5.2,41.3,53.4,low_emission_maintain_practices,LOW,7
Healthcare,small,11,1235.9,47.6,15.2,4.9,8.9,39,7,8,0,hot_aisle_cold_aisle,681.6,azure,16244.0,0,1.97,low,0.0702,0.6001,0.2827,0.953,7.4,63.0,29.7,low_emission_maintain_practices,LOW,7
Logistics,large,309,40450.9,91.8,162.1,69.1,28.7,24,13,217,141,stacked_high_density,668.6,gcp,38621.0,289088.0,46.95,very_high,0.6526,2.7823,8.1013,11.5362,5.7,24.1,70.2,reduce_electricity_consumption,HIGH,1
Manufacturing,medium,231,12736.6,94.7,137.8,48.3,27.8,12,2,157,1,custom,461.7,none,0,141148.0,102.1,high,0.5376,0.5776,2.399,3.5142,15.3,16.4,68.3,reduce_scope3_purchases,LOW,8
IT,large,475,15915.3,22.4,11.9,17.6,9.7,14,13,406,165,custom,307.5,gcp,75859.0,393517.0,359.77,very_high,0.0923,10.1553,11.4024,21.65,0.4,46.9,52.7,reduce_electricity_consumption,HIGH,1
IT,medium,172,9921.4,82.9,50.0,22.1,7.3,0,0,128,2,hot_aisle_cold_aisle,0.0,azure,89298.0,60807.0,28.3,high,0.1999,1.3912,2.7585,4.3497,4.6,32.0,63.4,reduce_scope3_purchases,LOW,8
Retail,large,1577,73349.1,23.8,6.7,0,4.5,34,0,1482,112,hot_aisle_cold_aisle,1352.1,none,0,1838878.0,450.89,very_high,0.0271,45.8917,29.4053,75.3241,0.0,60.9,39.0,reduce_electricity_consumption,HIGH,1
Retail,medium,164,14626.9,12.6,32.8,6.3,0,0,0,138,56,custom,0.0,none,0,95841.0,15.06,high,0.1025,10.4828,3.3381,13.9234,0.7,75.3,24.0,switch_to_renewables,HIGH,0
IT,medium,177,14070.7,1.9,11.8,5.8,0,40,10,119,37,custom,697.4,gcp,63884.0,191286.0,40.0,high,0.045,11.399,4.0245,15.4686,0.3,73.7,26.0,switch_to_renewables,HIGH,0
IT,medium,202,7999.5,35.7,0,17.3,0,0,0,200,45,custom,0.0,none,0,89479.0,58.95,medium,0.04,4.2178,3.4878,7.7456,0.5,54.5,45.0,low_emission_maintain_practices,LOW,7
Finance,small,36,1289.0,47.0,0.8,16.4,15.8,4,17,18,21,stacked_high_density,88.7,none,0,35581.0,27.66,low,0.0723,0.5706,0.9816,1.6245,4.4,35.1,60.4,optimize_server_infrastructure,MEDIUM,2
Retail,large,1485,42128.0,6.7,37.3,0,0.4,34,10,929,459,stacked_high_density,862.2,azure,72768.0,1800027.0,649.19,very_high,0.1008,32.3188,34.8579,67.2774,0.1,48.0,51.8,switch_to_renewables,HIGH,0
Healthcare,small,41,2484.3,85.4,23.5,4.8,7.7,0,0,28,21,direct_liquid_cooling,0.0,aws,56528.0,11663.0,10.26,low,0.0898,0.2974,1.7174,2.1046,4.3,14.1,81.6,low_emission_maintain_practices,LOW,7
Manufacturing,medium,216,6832.2,3.4,157.5,47.6,5.5,2,6,111,102,stacked_high_density,43.6,gcp,37062.0,143617.0,148.91,medium,0.5433,5.4171,5.0544,11.0148,4.9,49.2,45.9,improve_cooling_efficiency,LOW,6
Finance,large,1296,116521.2,0.3,60.7,0,11.1,8,7,972,93,hot_aisle_cold_aisle,234.2,gcp,13459.0,811386.0,647.83,very_high,0.1853,95.2749,16.7657,112.2259,0.2,84.9,14.9,switch_to_renewables,HIGH,0
Manufacturing,medium,135,14190.3,25.1,166.3,66.5,28.7,3,15,75,44,direct_liquid_cooling,97.5,none,0,162671.0,75.88,high,0.6578,8.7196,3.057,12.4345,5.3,70.1,24.6,low_emission_maintain_practices,LOW,7
Education,medium,276,31628.5,1.8,51.9,8.2,0,0,0,191,105,stacked_high_density,0.0,gcp,61190.0,124845.0,124.53,very_high,0.158,25.4685,5.8342,31.4608,0.5,81.0,18.5,switch_to_renewables,HIGH,0
Retail,small,33,2505.2,11.4,8.9,17.8,21.3,40,10,21,1,custom,1389.3,none,0,13000.0,22.47,low,0.1084,1.9004,0.2967,2.3055,4.7,82.4,12.9,adopt_cloud_migration,MEDIUM,4
Finance,large,1166,131722.7,64.9,0,0,4.3,0,0,690,310,hot_aisle_cold_aisle,0.0,azure,2608.0,1244385.0,325.5,very_high,0.0088,37.9124,23.6391,61.5603,0.0,61.6,38.4,reduce_electricity_consumption,HIGH,1
Education,large,469,18796.5,22.8,0,1.4,13.1,8,8,428,224,stacked_high_density,257.5,azure,19821.0,530128.0,161.86,very_high,0.03,11.9197,13.812,25.7616,0.1,46.3,53.6,reduce_electricity_consumption,HIGH,1
IT,medium,292,33667.9,5.5,44.7,8.4,3.5,27,19,285,29,direct_liquid_cooling,505.7,aws,15507.0,375727.0,183.97,very_high,0.1463,26.1275,6.2612,32.5351,0.4,80.3,19.2,switch_to_renewables,HIGH,0
Retail,medium,262,24257.5,39.5,24.3,0,0.1,0,0,155,28,direct_liquid_cooling,0.0,azure,37115.0,491366.0,59.37,very_high,0.0653,12.0341,6.3988,18.4983,0.4,65.1,34.6,reduce_electricity_consumption,HIGH,1
Logistics,medium,283,16270.7,34.3,133.4,66.2,23.8,4,3,273,79,hot_aisle_cold_aisle,65.2,gcp,47532.0,494328.0,219.44,very_high,0.559,8.7728,8.6302,17.9619,3.1,48.8,48.0,reduce_electricity_consumption,HIGH,1
Logistics,large,1754,169081.4,86.1,95.8,88.5,20.2,0,0,1646,138,custom,0.0,gcp,17954.0,1218514.0,430.26,very_high,0.5024,19.2719,26.5892,46.3635,1.1,41.6,57.3,reduce_electricity_consumption,HIGH,1
Retail,medium,62,5809.1,87.2,44.2,3.3,13.8,27,5,46,35,direct_liquid_cooling,902.4,none,0,0,5.57,medium,0.1542,0.648,1.2883,2.0905,7.4,31.0,61.6,adopt_cloud_migration,MEDIUM,4
Finance,small,8,500,3.5,30.2,0,14.9,31,3,4,4,stacked_high_density,560.8,azure,51178.0,1813.0,5.34,low,0.1113,0.4762,0.8427,1.4302,7.8,33.3,58.9,optimize_server_infrastructure,MEDIUM,2
Logistics,large,1659,73828.4,81.5,109.9,71.1,34.0,0,0,1319,946,hot_aisle_cold_aisle,0.0,gcp,35843.0,1551694.0,1116.55,very_high,0.5281,11.1998,48.157,59.8849,0.9,18.7,80.4,reduce_electricity_consumption,HIGH,1
Logistics,large,1283,114380.8,62.8,138.8,92.7,30.0,8,6,823,614,hot_aisle_cold_aisle,280.3,aws,0,822920.0,153.21,very_high,0.6473,34.9049,29.3111,64.8633,1.0,53.8,45.2,reduce_electricity_consumption,HIGH,1
IT,medium,96,5085.1,10.2,0,1.9,18.7,19,19,52,21,stacked_high_density,455.5,azure,0,82008.0,39.1,medium,0.0425,3.7938,1.6223,5.4587,0.8,69.5,29.7,optimize_server_infrastructure,MEDIUM,2
Finance,large,1530,105707.1,51.3,0,0.3,0,31,16,1099,832,hot_aisle_cold_aisle,690.3,none,0,675220.0,861.75,very_high,0.0007,42.268,36.0706,78.3393,0.0,54.0,46.0,reduce_electricity_consumption,HIGH,1
Healthcare,medium,266,21558.8,2.1,13.1,13.0,0,0,0,235,2,direct_liquid_cooling,0.0,none,0,95933.0,49.12,very_high,0.0651,17.307,2.6815,20.0536,0.3,86.3,13.4,switch_to_renewables,HIGH,0
Retail,small,30,746.2,67.9,48.5,39.7,1.6,0,0,29,4,stacked_high_density,0.0,aws,25652.0,24922.0,10.39,low,0.225,0.1964,0.9194,1.3408,16.8,14.6,68.6,low_emission_maintain_practices,LOW,7
Logistics,small,15,1071.6,66.3,157.6,49.4,19.1,19,2,8,7,stacked_high_density,349.2,azure,40837.0,8816.0,8.05,low,0.5754,0.3455,0.87,1.7909,32.1,19.3,48.6,optimize_server_infrastructure,MEDIUM,2
IT,large,796,41424.8,1.0,0,14.3,9.0,31,15,630,96,hot_aisle_cold_aisle,1131.3,none,0,674804.0,416.15,very_high,0.0514,33.6836,12.9224,46.6574,0.1,72.2,27.7,switch_to_renewables,HIGH,0
IT,large,1185,141119.7,59.8,0,11.4,0,31,7,842,224,hot_aisle_cold_aisle,874.4,aws,11390.0,871312.0,849.47,very_high,0.0263,46.5736,19.7236,66.3235,0.0,70.2,29.7,reduce_electricity_consumption,HIGH,1
Finance,small,36,3987.5,16.2,12.9,19.1,8.3,38,14,31,8,stacked_high_density,1409.0,none,0,59764.0,24.29,medium,0.0956,2.8388,0.9348,3.8692,2.5,73.4,24.2,optimize_server_infrastructure,MEDIUM,2
Manufacturing,large,1637,173412.0,95.0,98.4,64.1,34.1,26,15,1274,981,direct_liquid_cooling,542.6,gcp,47220.0,890872.0,276.58,very_high,0.4813,7.1467,43.5404,51.1685,0.9,14.0,85.1,reduce_electricity_consumption,HIGH,1
Education,large,366,35621.2,54.3,37.6,39.4,9.7,0,0,342,132,stacked_high_density,0.0,aws,14543.0,0,138.48,very_high,0.2116,13.3487,6.4116,19.9718,1.1,66.8,32.1,reduce_electricity_consumption,HIGH,1
Healthcare,medium,297,33684.6,3.1,34.1,26.7,11.9,23,5,261,88,direct_liquid_cooling,752.2,aws,43450.0,330755.0,197.32,very_high,0.1773,26.7977,7.6881,34.6632,0.5,77.3,22.2,switch_to_renewables,HIGH,0
Retail,small,17,832.6,1.2,50.9,0,14.6,15,4,9,4,custom,520.2,none,0,27029.0,7.43,low,0.1662,0.7046,0.3931,1.264,13.1,55.7,31.1,low_emission_maintain_practices,LOW,7
IT,large,1041,84428.1,2.2,9.0,22.9,6.2,2,20,550,394,stacked_high_density,75.1,gcp,3587.0,74520.0,599.19,very_high,0.0897,67.7132,15.386,83.1889,0.1,81.4,18.5,switch_to_renewables,HIGH,0
Logistics,medium,235,27362.0,5.2,114.5,72.2,38.5,28,11,221,11,custom,962.8,gcp,7293.0,72619.0,166.83,very_high,0.5522,21.3263,2.6873,24.5658,2.2,86.8,10.9,switch_to_renewables,HIGH,0
IT,large,1408,94106.1,18.8,77.7,14.7,0.0,27,16,1296,219,hot_aisle_cold_aisle,899.1,gcp,19798.0,1800821.0,1064.46,very_high,0.2422,62.7074,30.6307,93.5803,0.3,67.0,32.7,reduce_electricity_consumption,HIGH,1
Retail,medium,127,12795.7,13.5,11.5,31.2,9.1,0,0,79,24,custom,0.0,azure,84.0,122854.0,15.68,high,0.1215,9.076,2.2432,11.4407,1.1,79.3,19.6,switch_to_renewables,HIGH,0
IT,large,1172,101725.8,89.5,0.0,23.4,0,16,18,1169,484,custom,494.6,none,0,639026.0,701.78,very_high,0.0541,8.7907,27.1483,35.9931,0.2,24.4,75.4,reduce_electricity_consumption,HIGH,1
Finance,medium,261,8972.4,29.2,23.7,0,7.2,23,3,178,45,custom,408.4,azure,45749.0,268828.0,86.35,high,0.0782,5.2552,5.366,10.6994,0.7,49.1,50.2,reduce_scope3_purchases,LOW,8
Education,medium,175,6932.5,28.4,66.1,9.9,4.5,4,1,114,47,custom,108.1,gcp,35556.0,62045.0,103.25,medium,0.2092,4.0782,2.96,7.2475,2.9,56.3,40.8,low_emission_maintain_practices,LOW,7
Finance,large,572,43854.3,86.5,24.0,11.6,13.0,28,8,488,196,hot_aisle_cold_aisle,1026.2,gcp,18082.0,413584.0,268.56,very_high,0.1176,4.9043,12.5108,17.5327,0.7,28.0,71.4,reduce_electricity_consumption,HIGH,1
IT,small,44,3548.9,23.8,0,8.4,10.4,37,14,35,10,hot_aisle_cold_aisle,1301.4,aws,0,37397.0,13.42,medium,0.0406,2.283,0.8404,3.164,1.3,72.2,26.6,adopt_cloud_migration,MEDIUM,4
Retail,small,31,804.5,29.5,19.9,11.0,0.4,10,1,26,5,direct_liquid_cooling,195.4,aws,19010.0,36377.0,9.09,low,0.0796,0.4793,0.9141,1.4729,5.4,32.5,62.1,low_emission_maintain_practices,LOW,7
IT,medium,292,33489.1,95.0,38.9,8.4,12.0,4,15,180,155,hot_aisle_cold_aisle,100.7,gcp,0,181892.0,36.83,very_high,0.1481,1.3801,6.9727,8.501,1.7,16.2,82.0,reduce_electricity_consumption,HIGH,1
Healthcare,large,1635,153276.3,40.2,53.9,36.1,3.7,27,17,1481,942,custom,433.2,gcp,21343.0,983337.0,155.54,very_high,0.2354,75.2148,44.6571,120.1073,0.2,62.6,37.2,reduce_electricity_consumption,HIGH,1
Manufacturing,medium,120,11105.7,1.8,125.2,58.7,19.7,25,3,119,63,stacked_high_density,828.2,azure,0,18867.0,34.65,high,0.5113,9.0077,2.7566,12.2756,4.2,73.4,22.5,switch_to_renewables,HIGH,0
IT,large,1002,114514.9,46.1,19.0,16.9,2.8,38,15,838,248,hot_aisle_cold_aisle,1426.4,none,0,840578.0,641.76,very_high,0.0957,50.6806,19.9088,70.6851,0.1,71.7,28.2,reduce_electricity_consumption,HIGH,1
Education,large,1634,45446.5,63.6,0,24.3,0,0,3,974,9,custom,0.0,aws,61209.0,1359421.0,950.82,very_high,0.0561,13.5649,19.7452,33.3662,0.2,40.7,59.2,reduce_electricity_consumption,HIGH,1
IT,small,10,722.5,41.1,12.5,41.9,3.5,0,0,6,3,custom,0.0,azure,13499.0,2434.0,4.74,low,0.1374,0.349,0.3284,0.8148,16.9,42.8,40.3,low_emission_maintain_practices,LOW,7
Healthcare,large,1535,112470.2,8.2,21.8,0,6.0,34,19,1445,1,direct_liquid_cooling,1088.6,none,0,1119432.0,814.66,very_high,0.0707,84.7112,20.4263,105.2082,0.1,80.5,19.4,switch_to_renewables,HIGH,0
Logistics,large,407,36059.6,2.0,201.9,61.9,36.4,28,10,271,214,hot_aisle_cold_aisle,694.3,aws,47845.0,318483.0,230.83,very_high,0.7583,29.0271,11.0615,40.8469,1.9,71.1,27.1,switch_to_renewables,HIGH,0
Education,small,20,921.5,51.6,34.5,10.0,8.8,0,0,18,6,direct_liquid_cooling,0.0,azure,70538.0,11196.0,10.29,low,0.1335,0.3657,1.3428,1.842,7.2,19.9,72.9,low_emission_maintain_practices,LOW,7
IT,small,45,4369.5,14.4,82.4,24.2,0.8,40,13,23,1,hot_aisle_cold_aisle,701.8,none,0,15663.0,16.12,medium,0.2784,3.1379,0.3339,3.7501,7.4,83.7,8.9,adopt_cloud_migration,MEDIUM,4
Retail,large,1913,198425.4,0.1,0,0,14.5,6,3,1021,906,hot_aisle_cold_aisle,179.3,azure,34902.0,1857947.0,825.79,very_high,0.0296,162.5567,47.3395,209.9258,0.0,77.4,22.6,switch_to_renewables,HIGH,0
Retail,medium,158,10905.7,9.6,0,0.9,0.6,34,4,126,27,stacked_high_density,909.1,aws,10820.0,34430.0,25.04,high,0.0033,8.1725,2.1485,10.3243,0.0,79.2,20.8,switch_to_renewables,HIGH,0
Education,small,37,3713.3,6.4,42.7,14.0,0,21,18,26,3,direct_liquid_cooling,638.5,none,0,33050.0,26.16,medium,0.1468,2.8798,0.5495,3.5761,4.1,80.5,15.4,adopt_cloud_migration,MEDIUM,4
Education,small,36,2045.3,42.0,25.5,9.4,0,0,0,19,0,hot_aisle_cold_aisle,0.0,aws,46856.0,40904.0,18.85,low,0.0901,0.9727,1.1806,2.2434,4.0,43.4,52.6,low_emission_maintain_practices,LOW,7
Manufacturing,medium,62,7677.5,11.5,173.3,63.1,34.7,0,0,52,14,hot_aisle_cold_aisle,0.0,aws,20944.0,64078.0,24.31,medium,0.681,5.5716,1.6082,7.8608,8.7,70.9,20.5,switch_to_renewables,HIGH,0
Manufacturing,medium,258,18287.6,4.0,182.3,65.9,27.2,0,0,170,66,custom,0.0,azure,67309.0,123005.0,126.55,very_high,0.6963,14.396,4.9815,20.0738,3.5,71.7,24.8,switch_to_renewables,HIGH,0
Manufacturing,large,903,88428.1,99.4,158.8,56.3,16.1,39,2,790,349,stacked_high_density,1080.9,gcp,2070.0,725981.0,263.1,very_high,0.5885,0.5364,21.2969,22.4217,2.6,2.4,95.0,reduce_electricity_consumption,HIGH,1
Manufacturing,medium,185,16257.0,1.3,115.8,61.9,35.3,25,6,127,17,direct_liquid_cooling,640.6,gcp,29701.0,179132.0,113.54,very_high,0.5253,13.1929,3.155,16.8732,3.1,78.2,18.7,switch_to_renewables,HIGH,0
Education,medium,164,12668.4,52.6,33.6,0,5.1,0,0,134,35,custom,0.0,aws,21853.0,205625.0,75.44,high,0.1005,4.924,3.9581,8.9825,1.1,54.8,44.1,low_emission_maintain_practices,LOW,7
Logistics,small,22,2651.1,39.8,156.7,69.1,18.9,0,0,19,9,stacked_high_density,0.0,gcp,51062.0,17998.0,14.67,low,0.6181,1.3087,0.9916,2.9184,21.2,44.8,34.0,low_emission_maintain_practices,LOW,7
Manufacturing,medium,293,14503.6,83.0,128.9,63.6,43.2,33,18,214,139,custom,1091.1,gcp,44981.0,132167.0,221.64,high,0.5805,2.088,6.8266,9.4952,6.1,22.0,71.9,reduce_scope3_purchases,LOW,8
Education,medium,104,7441.4,94.8,19.1,2.4,0,0,0,72,48,custom,0.0,gcp,27506.0,91210.0,66.46,medium,0.0567,0.3173,2.8147,3.1887,1.8,10.0,88.3,reduce_scope3_purchases,LOW,8
Manufacturing,small,14,2079.1,87.8,148.6,65.2,29.1,30,3,10,7,direct_liquid_cooling,877.1,aws,47760.0,18592.0,2.57,low,0.6082,0.2505,1.1291,1.9879,30.6,12.6,56.8,low_emission_maintain_practices,LOW,7
Finance,large,1536,116967.0,4.8,35.5,27.0,8.4,0,0,1528,119,custom,0.0,none,0,999045.0,1177.07,very_high,0.1746,91.3091,23.2357,114.7195,0.2,79.6,20.3,switch_to_renewables,HIGH,0
Healthcare,small,13,1422.9,63.2,38.9,32.8,0,28,2,8,2,custom,843.4,none,0,11290.0,5.14,low,0.18,0.4856,0.2065,0.8721,20.6,55.7,23.7,low_emission_maintain_practices,LOW,7
Finance,large,381,33137.0,22.5,85.2,10.2,22.2,29,12,208,159,stacked_high_density,941.4,aws,33271.0,612318.0,97.28,very_high,0.2972,21.1339,11.2426,32.6737,0.9,64.7,34.4,reduce_electricity_consumption,HIGH,1
Retail,large,1402,100008.4,3.6,1.7,16.3,6.7,20,13,846,37,custom,382.4,aws,64499.0,1504924.0,858.45,very_high,0.0559,79.0948,20.684,99.8347,0.1,79.2,20.7,switch_to_renewables,HIGH,0
Finance,medium,138,15067.0,86.5,1.3,4.0,5.8,28,4,127,14,custom,994.3,aws,17782.0,88928.0,19.75,very_high,0.0246,1.7241,2.3536,4.1023,0.6,42.0,57.4,reduce_electricity_consumption,HIGH,1
Finance,large,1101,49014.1,16.0,21.0,0.6,0,6,12,879,32,direct_liquid_cooling,156.6,none,0,989461.0,364.41,very_high,0.0577,33.7694,15.7222,49.5492,0.1,68.2,31.7,reduce_electricity_consumption,HIGH,1
Manufacturing,small,17,500,2.1,163.1,58.3,36.0,2,13,11,6,hot_aisle_cold_aisle,70.8,azure,0,19846.0,6.31,low,0.6452,0.4049,0.4043,1.4544,44.4,27.8,27.8,electrify_fleet_reduce_fuel,HIGH,3
Finance,small,18,654.3,5.4,33.2,31.6,3.0,0,0,15,5,stacked_high_density,0.0,aws,64406.0,11427.0,13.35,low,0.1681,0.5076,1.3083,1.984,8.5,25.6,65.9,low_emission_maintain_practices,LOW,7
Retail,large,652,22520.7,13.1,48.0,32.7,0,4,10,516,149,hot_aisle_cold_aisle,120.9,azure,0,114391.0,39.1,very_high,0.2042,16.0549,8.9354,25.1945,0.8,63.7,35.5,reduce_electricity_consumption,HIGH,1
IT,small,44,4296.4,0.6,47.9,23.4,7.3,15,19,29,7,custom,502.2,aws,53174.0,0,23.59,medium,0.1973,3.532,1.2121,4.9414,4.0,71.5,24.5,low_emission_maintain_practices,LOW,7
Education,medium,243,7245.4,13.3,6.7,0,0,28,20,181,139,hot_aisle_cold_aisle,465.2,aws,14610.0,158728.0,49.37,medium,0.018,5.2006,6.5921,11.8107,0.2,44.0,55.8,reduce_scope3_purchases,LOW,8
Retail,small,16,1223.3,81.6,35.2,18.5,0,36,14,14,0,stacked_high_density,784.7,gcp,45675.0,9687.0,6.1,low,0.1371,0.2781,0.5995,1.0146,13.5,27.4,59.1,optimize_server_infrastructure,MEDIUM,2
Finance,large,1549,159696.9,80.4,55.8,0,14.5,0,0,1133,421,stacked_high_density,0.0,none,0,844817.0,730.52,very_high,0.1791,25.6665,26.8463,52.6919,0.3,48.7,50.9,reduce_electricity_consumption,HIGH,1
Finance,medium,69,4019.7,73.1,5.7,0,9.7,23,12,68,2,custom,522.0,aws,42876.0,54527.0,51.69,medium,0.0351,0.9328,1.6707,2.6386,1.3,35.4,63.3,reduce_scope3_purchases,LOW,8
Logistics,small,17,2232.7,65.5,136.3,73.8,32.8,15,7,15,6,custom,237.9,aws,18334.0,4337.0,4.18,low,0.6027,0.6617,0.5869,1.8513,32.6,35.7,31.7,low_emission_maintain_practices,LOW,7
Finance,medium,292,26463.4,95.4,65.7,0,0,0,0,170,74,stacked_high_density,0.0,gcp,0,233014.0,208.78,very_high,0.1761,0.9982,5.1641,6.3384,2.8,15.7,81.5,reduce_electricity_consumption,HIGH,1
Retail,large,931,90054.9,7.7,0,9.7,0,19,0,466,39,stacked_high_density,672.8,none,0,208520.0,558.4,very_high,0.0224,68.2083,6.3885,74.6192,0.0,91.4,8.6,switch_to_renewables,HIGH,0
Healthcare,small,16,973.1,99.0,32.6,1.2,9.7,16,13,12,8,custom,490.7,azure,35752.0,15176.0,2.3,low,0.1099,0.0401,0.9103,1.0603,10.4,3.8,85.9,low_emission_maintain_practices,LOW,7
Education,small,26,884.0,68.0,67.6,3.8,5.6,0,0,19,15,hot_aisle_cold_aisle,0.0,gcp,22910.0,31521.0,7.87,low,0.2014,0.232,1.0048,1.4382,14.0,16.1,69.9,low_emission_maintain_practices,LOW,7
Finance,medium,137,7868.6,98.8,0,0,15.1,0,0,129,11,custom,0.0,aws,0,139770.0,78.7,medium,0.0308,0.0774,2.4302,2.5385,1.2,3.1,95.7,reduce_scope3_purchases,LOW,8
Logistics,small,28,1743.9,3.4,203.0,52.8,37.5,0,0,17,8,direct_liquid_cooling,0.0,aws,32464.0,7051.0,21.17,low,0.7425,1.3814,0.8892,3.0131,24.6,45.8,29.5,low_emission_maintain_practices,LOW,7
Education,medium,219,32512.6,23.4,0,7.5,10.9,0,0,183,72,hot_aisle_cold_aisle,0.0,none,0,93883.0,38.55,very_high,0.0396,20.4218,4.1012,24.5626,0.2,83.1,16.7,reduce_electricity_consumption,HIGH,1
Logistics,medium,295,10997.7,81.8,131.0,93.9,33.4,24,8,245,168,stacked_high_density,791.5,aws,1347.0,5749.0,154.92,high,0.6361,1.7036,6.4418,8.7816,7.2,19.4,73.4,optimize_server_infrastructure,MEDIUM,2
Logistics,medium,74,6986.2,86.9,168.5,47.9,22.0,14,7,40,3,direct_liquid_cooling,250.5,azure,29580.0,44502.0,24.11,medium,0.6071,0.7703,1.1513,2.5288,24.0,30.5,45.5,low_emission_maintain_practices,LOW,7
Education,medium,295,18675.8,49.4,0,0,0,38,18,148,150,stacked_high_density,671.3,gcp,66753.0,458776.0,199.98,very_high,0.0,7.8477,9.4031,17.2508,0.0,45.5,54.5,reduce_electricity_consumption,HIGH,1
Healthcare,medium,225,14537.5,65.1,15.0,17.7,4.8,36,15,191,50,stacked_high_density,985.5,gcp,52792.0,297063.0,154.36,high,0.0909,4.2539,5.6844,10.0291,0.9,42.4,56.7,optimize_server_infrastructure,MEDIUM,2
IT,small,49,6159.2,23.2,0.9,0,2.8,22,12,42,8,custom,369.5,azure,20473.0,15656.0,6.03,medium,0.0081,3.923,0.9455,4.8766,0.2,80.4,19.4,low_emission_maintain_practices,LOW,7
Logistics,medium,243,25687.0,91.5,142.5,28.2,31.9,0,0,122,105,stacked_high_density,0.0,aws,0,0,39.05,very_high,0.5121,1.7904,3.7382,6.0407,8.5,29.6,61.9,reduce_electricity_consumption,HIGH,1
Healthcare,medium,224,25590.8,32.6,19.0,2.2,6.8,15,1,166,92,hot_aisle_cold_aisle,315.3,azure,16091.0,107989.0,127.42,very_high,0.0699,14.1701,4.8247,19.0646,0.4,74.3,25.3,reduce_electricity_consumption,HIGH,1
IT,large,1649,40189.4,1.9,37.5,25.5,13.0,14,0,1439,785,custom,305.8,azure,0,3283489.0,951.56,very_high,0.1859,32.3573,58.3888,90.932,0.2,35.6,64.2,switch_to_renewables,HIGH,0
Healthcare,medium,197,6959.5,94.0,67.2,20.8,0,4,16,118,77,hot_aisle_cold_aisle,135.4,aws,44264.0,254192.0,36.44,medium,0.2281,0.3495,5.6649,6.2425,3.7,5.6,90.7,reduce_scope3_purchases,LOW,8
IT,large,1216,133416.7,1.0,36.0,27.7,3.8,34,5,1008,181,custom,1340.5,aws,58554.0,777568.0,774.72,very_high,0.1682,108.3759,19.8606,128.4048,0.1,84.4,15.5,switch_to_renewables,HIGH,0
Logistics,large,1394,71002.2,29.7,128.5,82.6,38.6,0,0,1293,180,stacked_high_density,0.0,azure,16028.0,882308.0,445.1,very_high,0.6139,40.9299,22.2674,63.8113,1.0,64.1,34.9,reduce_electricity_consumption,HIGH,1
Logistics,small,44,2548.9,98.9,142.8,66.3,34.2,17,20,34,17,stacked_high_density,558.6,azure,17367.0,40112.0,34.95,low,0.6056,0.0672,1.2734,1.9462,31.1,3.5,65.4,optimize_server_infrastructure,MEDIUM,2
Retail,medium,148,4479.3,0.6,17.7,31.9,0,0,0,81,86,stacked_high_density,0.0,azure,21485.0,137663.0,110.15,medium,0.1211,3.651,4.3033,8.0754,1.5,45.2,53.3,reduce_scope3_purchases,LOW,8
Healthcare,small,38,3162.0,65.0,77.2,13.8,6.5,24,5,31,17,direct_liquid_cooling,843.7,none,0,22543.0,2.17,medium,0.252,0.9415,0.8747,2.0682,12.2,45.5,42.3,low_emission_maintain_practices,LOW,7
Logistics,large,1761,78646.6,66.8,157.8,37.7,22.3,22,14,1257,994,direct_liquid_cooling,481.7,azure,43592.0,935881.0,1339.4,very_high,0.5555,21.4419,44.2726,66.27,0.8,32.4,66.8,reduce_electricity_consumption,HIGH,1
Healthcare,medium,248,19778.7,7.0,71.3,18.7,0,27,16,187,148,stacked_high_density,728.8,aws,20277.0,84612.0,181.82,very_high,0.2343,15.1534,6.3693,21.7569,1.1,69.6,29.3,switch_to_renewables,HIGH,0
Healthcare,large,315,34296.9,3.5,7.7,12.9,17.3,11,2,238,180,direct_liquid_cooling,395.8,none,0,161096.0,132.81,very_high,0.0857,27.1547,7.9257,35.1662,0.2,77.2,22.5,switch_to_renewables,HIGH,0
Retail,small,28,2763.9,85.8,63.5,9.9,5.5,25,6,27,8,direct_liquid_cooling,955.7,aws,78511.0,13062.0,19.22,low,0.2043,0.3573,1.7072,2.2687,9.0,15.7,75.2,low_emission_maintain_practices,LOW,7
IT,small,27,689.8,0.5,31.2,1.0,7.2,9,13,13,12,hot_aisle_cold_aisle,340.4,gcp,33753.0,32312.0,7.41,low,0.1006,0.5787,0.982,1.6614,6.1,34.8,59.1,low_emission_maintain_practices,LOW,7
IT,medium,279,13413.0,87.1,11.7,0,17.5,0,0,158,70,stacked_high_density,0.0,gcp,42010.0,184758.0,55.59,high,0.0671,1.4188,4.9555,6.4414,1.0,22.0,76.9,reduce_scope3_purchases,LOW,8
Healthcare,medium,296,26050.7,86.5,56.2,6.3,0,8,3,166,61,hot_aisle_cold_aisle,278.5,aws,32002.0,150337.0,165.38,very_high,0.1652,2.898,4.6078,7.671,2.2,37.8,60.1,reduce_electricity_consumption,HIGH,1
Logistics,medium,160,18543.1,17.1,118.1,48.7,29.6,16,7,136,77,custom,319.4,azure,48463.0,244523.0,83.47,very_high,0.4894,12.6373,5.7204,18.8471,2.6,67.1,30.4,reduce_electricity_consumption,HIGH,1
Finance,small,19,675.0,1.0,39.0,0,8.8,14,7,10,4,direct_liquid_cooling,359.1,aws,23376.0,20873.0,4.95,low,0.1225,0.5678,0.7024,1.3927,8.8,40.8,50.4,low_emission_maintain_practices,LOW,7
Retail,medium,233,15339.0,84.2,33.5,15.8,3.0,0,0,151,13,custom,0.0,aws,12463.0,40479.0,34.42,very_high,0.1324,1.9873,2.0499,4.1696,3.2,47.7,49.2,reduce_electricity_consumption,HIGH,1
IT,medium,240,24404.4,3.0,0,26.9,14.6,0,0,173,14,stacked_high_density,0.0,gcp,20991.0,295208.0,148.98,very_high,0.0919,19.4113,4.2903,23.7935,0.4,81.6,18.0,switch_to_renewables,HIGH,0
Retail,large,1777,89145.5,68.0,47.5,0,9.0,4,15,1734,843,custom,112.4,azure,0,780959.0,260.69,very_high,0.1457,23.3998,42.2362,65.7816,0.2,35.6,64.2,reduce_electricity_consumption,HIGH,1
Manufacturing,small,41,1640.4,4.1,146.6,43.5,33.6,24,12,20,14,direct_liquid_cooling,484.2,aws,62068.0,12834.0,16.05,low,0.5619,1.324,1.5617,3.4476,16.3,38.4,45.3,low_emission_maintain_practices,LOW,7
Retail,large,1776,130831.7,18.8,45.0,18.2,6.1,8,8,1109,877,hot_aisle_cold_aisle,248.5,aws,53099.0,1426574.0,894.87,very_high,0.1751,87.1271,44.1452,131.4474,0.1,66.3,33.6,reduce_electricity_consumption,HIGH,1
Logistics,medium,134,4673.6,3.6,113.6,71.3,16.4,0,0,132,43,direct_liquid_cooling,0.0,aws,23463.0,26588.0,101.74,medium,0.5026,3.6944,2.7453,6.9423,7.2,53.2,39.5,low_emission_maintain_practices,LOW,7
Manufacturing,medium,273,21036.6,92.6,137.6,37.1,34.3,9,15,199,133,hot_aisle_cold_aisle,246.6,azure,40881.0,335976.0,163.01,very_high,0.5244,1.2924,8.327,10.1439,5.2,12.7,82.1,reduce_electricity_consumption,HIGH,1
Finance,large,878,29826.0,20.2,41.0,43.5,0,0,0,793,317,stacked_high_density,0.0,none,0,575911.0,52.82,very_high,0.2104,19.5169,19.2566,38.984,0.5,50.1,49.4,reduce_electricity_consumption,HIGH,1
Education,large,390,17390.5,3.9,63.4,25.2,0,0,0,369,190,custom,0.0,gcp,63306.0,267586.0,35.84,very_high,0.2281,13.7041,10.6489,24.5811,0.9,55.8,43.3,switch_to_renewables,HIGH,0
Manufacturing,large,848,80730.3,85.9,171.4,60.1,31.2,18,7,727,458,custom,579.0,none,0,1009490.0,150.24,very_high,0.6618,9.3702,25.925,35.957,1.8,26.1,72.1,reduce_electricity_consumption,HIGH,1
Healthcare,small,19,878.5,3.1,17.3,19.2,11.9,11,13,16,7,stacked_high_density,410.6,gcp,23213.0,18101.0,14.01,low,0.115,0.7266,0.6652,1.5069,7.6,48.2,44.1,optimize_server_infrastructure,MEDIUM,2
Retail,large,1056,134466.7,5.1,0,19.8,12.0,30,2,1034,176,hot_aisle_cold_aisle,883.4,aws,24214.0,1042609.0,660.69,very_high,0.0702,104.6924,21.5398,126.3024,0.1,82.9,17.1,switch_to_renewables,HIGH,0
Finance,medium,132,4587.0,20.9,34.5,0,9.6,34,17,104,33,stacked_high_density,836.9,azure,24682.0,68602.0,6.88,medium,0.112,3.0635,2.5769,5.7525,1.9,53.3,44.8,optimize_server_infrastructure,MEDIUM,2
Retail,small,28,3223.8,13.7,7.2,0,8.7,26,7,14,2,stacked_high_density,928.1,azure,25852.0,24202.0,21.66,medium,0.037,2.3489,0.7063,3.0922,1.2,76.0,22.8,optimize_server_infrastructure,MEDIUM,2
Manufacturing,medium,64,5716.9,4.2,140.0,77.2,34.8,9,5,55,26,custom,302.3,gcp,0,58835.0,24.51,medium,0.6245,4.509,1.5927,6.7262,9.3,67.0,23.7,switch_to_renewables,HIGH,0
Education,large,1724,56665.2,83.2,31.8,0,14.0,16,18,1227,162,direct_liquid_cooling,523.7,aws,0,1122702.0,248.0,very_high,0.1138,7.8289,22.9763,30.9189,0.4,25.3,74.3,reduce_electricity_consumption,HIGH,1
Finance,small,30,2635.0,96.3,43.8,1.7,15.6,10,1,17,1,direct_liquid_cooling,311.7,aws,1755.0,39833.0,9.05,low,0.1531,0.0941,0.506,0.7533,20.3,12.5,67.2,low_emission_maintain_practices,LOW,7
Manufacturing,small,23,1138.1,0.1,162.8,55.1,51.8,36,15,12,4,hot_aisle_cold_aisle,583.2,gcp,30666.0,0,9.78,low,0.6693,0.9961,0.4766,2.142,31.2,46.5,22.3,low_emission_maintain_practices,LOW,7
IT,medium,243,14804.1,13.3,37.4,0,0.9,2,9,177,129,stacked_high_density,37.6,aws,47354.0,173790.0,51.45,high,0.1021,10.53,6.9081,17.5402,0.6,60.0,39.4,improve_cooling_efficiency,LOW,6
Finance,large,1640,61281.9,60.4,0,13.0,0,27,1,1637,597,custom,566.4,azure,0,449871.0,201.81,very_high,0.03,19.9537,32.3248,52.3085,0.1,38.1,61.8,reduce_electricity_consumption,HIGH,1
Retail,small,14,1181.9,27.4,81.1,16.4,10.5,5,2,10,8,stacked_high_density,163.8,gcp,32228.0,5171.0,10.4,low,0.2767,0.7166,0.6218,1.6151,17.1,44.4,38.5,improve_cooling_efficiency,LOW,6
Retail,small,41,2705.7,64.0,43.7,23.4,9.1,2,19,25,20,hot_aisle_cold_aisle,67.1,aws,36656.0,39187.0,13.61,low,0.1897,0.8023,1.5893,2.5813,7.4,31.1,61.6,low_emission_maintain_practices,LOW,7
IT,large,1118,127649.2,90.7,85.2,30.9,11.7,25,13,595,229,stacked_high_density,626.0,none,0,1065463.0,151.76,very_high,0.3236,9.7995,19.2817,29.4048,1.1,33.3,65.6,reduce_electricity_consumption,HIGH,1
IT,medium,60,6260.7,91.4,51.2,4.5,0,0,0,50,9,hot_aisle_cold_aisle,0.0,azure,42038.0,55867.0,21.23,medium,0.1476,0.4415,1.648,2.2372,6.6,19.7,73.7,reduce_scope3_purchases,LOW,8
IT,medium,274,26762.6,4.4,50.1,0.3,11.5,0,0,210,128,custom,0.0,none,0,198211.0,86.59,very_high,0.1584,20.9797,6.6281,27.7662,0.6,75.6,23.9,switch_to_renewables,HIGH,0
Logistics,large,1469,128850.8,63.4,153.3,95.3,28.4,20,0,1420,440,stacked_high_density,748.3,gcp,80037.0,2193895.0,521.19,very_high,0.6889,38.7227,41.1339,80.5455,0.9,48.1,51.1,reduce_electricity_consumption,HIGH,1
Logistics,large,1780,34553.7,16.2,167.3,75.5,28.9,10,19,1076,204,custom,204.0,aws,13696.0,1916864.0,492.1,very_high,0.6817,23.764,29.4479,53.8936,1.3,44.1,54.6,reduce_electricity_consumption,HIGH,1
Healthcare,medium,179,21657.2,96.6,49.9,23.4,3.8,29,13,142,58,direct_liquid_cooling,563.2,none,0,120252.0,100.28,very_high,0.1955,0.6449,3.6179,4.4583,4.4,14.5,81.1,reduce_electricity_consumption,HIGH,1
IT,large,881,105623.2,4.7,0.5,0,0,34,3,795,352,custom,937.9,none,0,923164.0,184.04,very_high,0.0013,82.6086,22.9745,105.5844,0.0,78.2,21.8,switch_to_renewables,HIGH,0
IT,medium,192,13277.7,88.3,56.8,34.3,0,17,8,172,47,direct_liquid_cooling,611.4,azure,84726.0,157993.0,14.31,high,0.2315,1.298,5.0108,6.5402,3.5,19.8,76.6,reduce_scope3_purchases,LOW,8
Manufacturing,small,14,1601.0,91.4,119.5,46.0,27.3,25,1,11,8,custom,455.5,azure,12052.0,14002.0,2.36,low,0.4822,0.1631,0.573,1.2183,39.6,13.4,47.0,low_emission_maintain_practices,LOW,7
Retail,small,11,1105.6,14.8,35.7,11.9,8.4,40,18,9,6,stacked_high_density,627.8,aws,24907.0,8366.0,6.61,low,0.1403,0.8763,0.6702,1.6868,8.3,52.0,39.7,optimize_server_infrastructure,MEDIUM,2
Education,medium,213,16775.2,84.9,42.3,9.7,7.6,0,0,174,74,stacked_high_density,0.0,aws,73881.0,295596.0,30.25,very_high,0.1513,2.0771,6.8047,9.033,1.7,23.0,75.3,reduce_electricity_consumption,HIGH,1
Finance,small,23,1274.1,4.2,35.9,44.0,14.0,0,0,15,12,custom,0.0,azure,31524.0,19588.0,4.23,low,0.2264,1.0009,1.0179,2.2452,10.1,44.6,45.3,low_emission_maintain_practices,LOW,7
Healthcare,large,1593,206914.0,17.1,41.1,8.2,0,0,0,1209,727,hot_aisle_cold_aisle,0.0,azure,38273.0,1040836.0,338.86,very_high,0.1291,140.656,37.6115,178.3965,0.1,78.8,21.1,reduce_electricity_consumption,HIGH,1
Finance,medium,86,3998.0,77.7,0,9.5,0,25,6,72,45,direct_liquid_cooling,483.1,gcp,41317.0,64996.0,55.46,medium,0.0219,0.7665,2.6501,3.4385,0.6,22.3,77.1,reduce_scope3_purchases,LOW,8
Healthcare,large,939,45866.8,59.8,71.2,21.5,9.9,0,0,766,36,direct_liquid_cooling,0.0,azure,78382.0,145619.0,225.17,very_high,0.2607,15.1195,9.2402,24.6204,1.1,61.4,37.5,reduce_electricity_consumption,HIGH,1
Education,medium,126,14363.5,96.2,0,14.4,10.5,0,0,112,9,direct_liquid_cooling,0.0,gcp,14986.0,26684.0,26.5,high,0.0547,0.4476,1.473,1.9752,2.8,22.7,74.6,low_emission_maintain_practices,LOW,7
Healthcare,large,1929,114612.2,1.4,36.0,22.3,0,20,10,1738,577,stacked_high_density,398.6,gcp,18675.0,1731840.0,344.05,very_high,0.148,92.7182,43.0206,135.8868,0.1,68.2,31.7,switch_to_renewables,HIGH,0
Manufacturing,medium,202,11128.3,79.4,138.6,68.3,23.2,33,1,108,11,direct_liquid_cooling,1026.9,none,0,150769.0,124.28,high,0.5765,1.9266,2.3519,4.855,11.9,39.7,48.4,adopt_cloud_migration,MEDIUM,4
Finance,medium,71,4787.2,93.9,70.6,0,10.6,1,7,40,42,hot_aisle_cold_aisle,35.6,none,0,75791.0,15.6,medium,0.2108,0.2412,2.0319,2.484,8.5,9.7,81.8,reduce_scope3_purchases,LOW,8
IT,small,17,1845.0,2.7,0,22.2,7.0,0,0,9,1,custom,0.0,none,0,17950.0,2.74,low,0.0656,1.4721,0.2413,1.7789,3.7,82.8,13.6,low_emission_maintain_practices,LOW,7
Retail,large,1147,112177.3,89.6,3.8,31.9,5.9,0,0,1052,166,hot_aisle_cold_aisle,0.0,azure,49341.0,856133.0,482.83,very_high,0.0959,9.5665,20.2294,29.8918,0.3,32.0,67.7,reduce_electricity_consumption,HIGH,1
Education,small,5,500,54.4,69.3,1.9,0,0,0,3,2,stacked_high_density,0.0,azure,0,4242.0,1.29,low,0.1901,0.187,0.1105,0.4876,39.0,38.3,22.7,low_emission_maintain_practices,LOW,7
Manufacturing,small,48,2416.1,4.3,183.2,61.7,29.0,22,8,26,12,hot_aisle_cold_aisle,839.8,azure,58275.0,22143.0,14.41,low,0.6927,1.935,1.4866,4.1142,16.8,47.0,36.1,low_emission_maintain_practices,LOW,7
Finance,medium,120,8566.4,14.6,35.7,20.8,0,0,0,117,15,hot_aisle_cold_aisle,0.0,aws,11106.0,145646.0,27.49,high,0.1437,5.9989,2.6544,8.797,1.6,68.2,30.2,switch_to_renewables,HIGH,0
Logistics,large,507,23325.3,22.5,170.7,39.4,25.1,0,0,326,0,direct_liquid_cooling,0.0,azure,30464.0,90764.0,206.64,very_high,0.5997,14.8232,3.7193,19.1422,3.1,77.4,19.4,reduce_electricity_consumption,HIGH,1
Manufacturing,medium,269,29830.6,83.7,193.2,54.8,28.5,4,5,264,94,hot_aisle_cold_aisle,119.4,none,0,224859.0,189.62,very_high,0.7025,3.9942,6.3714,11.0681,6.3,36.1,57.6,reduce_electricity_consumption,HIGH,1
IT,medium,79,3498.9,1.5,29.9,1.8,17.3,22,17,49,21,direct_liquid_cooling,694.9,gcp,22885.0,90220.0,34.63,medium,0.1196,2.8572,1.8702,4.847,2.5,58.9,38.6,low_emission_maintain_practices,LOW,7
Retail,large,1521,108547.8,8.7,61.0,0,5.1,27,11,907,871,stacked_high_density,907.4,aws,79994.0,948482.0,850.39,very_high,0.1739,81.3355,38.9656,120.475,0.1,67.5,32.3,switch_to_renewables,HIGH,0
Retail,medium,296,38647.7,59.5,83.7,17.2,14.8,39,3,231,140,custom,1360.4,gcp,14217.0,540503.0,125.56,very_high,0.2942,12.9132,9.9775,23.1849,1.3,55.7,43.0,reduce_electricity_consumption,HIGH,1
IT,large,602,56582.9,45.2,88.4,0,6.6,7,1,430,238,custom,158.5,aws,42946.0,522031.0,426.84,very_high,0.2504,25.4401,14.5092,40.1998,0.6,63.3,36.1,reduce_electricity_consumption,HIGH,1
Retail,large,1663,104393.4,3.6,0,13.3,13.9,40,12,1583,891,custom,999.1,gcp,17355.0,1095393.0,626.72,very_high,0.0591,82.6012,44.9791,127.6394,0.0,64.7,35.2,switch_to_renewables,HIGH,0
Healthcare,medium,256,19861.1,81.7,6.7,20.6,17.8,6,4,192,105,custom,194.1,gcp,4108.0,226152.0,93.54,very_high,0.1019,2.9924,6.1388,9.2331,1.1,32.4,66.5,reduce_electricity_consumption,HIGH,1
Healthcare,medium,169,2917.9,23.9,0,2.2,4.7,36,9,117,40,hot_aisle_cold_aisle,1219.8,aws,0,161762.0,74.11,low,0.0147,1.8846,3.2767,5.176,0.3,36.4,63.3,adopt_cloud_migration,MEDIUM,4
Education,small,10,500,44.5,0,32.9,9.9,3,6,9,0,stacked_high_density,87.2,azure,23218.0,11277.0,7.92,low,0.0962,0.2353,0.4749,0.8065,11.9,29.2,58.9,improve_cooling_efficiency,LOW,6
Finance,small,36,3171.2,0.8,35.7,27.6,6.5,7,9,21,5,custom,189.7,gcp,46460.0,9194.0,25.0,medium,0.1727,2.5936,0.79,3.5563,4.9,72.9,22.2,low_emission_maintain_practices,LOW,7
Finance,large,553,34913.7,21.4,10.5,0,5.8,0,0,352,128,custom,0.0,aws,0,533405.0,89.1,very_high,0.04,22.5026,10.4343,32.9768,0.1,68.2,31.6,reduce_electricity_consumption,HIGH,1
Manufacturing,medium,168,5467.7,62.9,175.3,36.4,32.6,0,0,155,50,stacked_high_density,0.0,gcp,54965.0,87269.0,73.04,medium,0.6204,1.6634,3.7404,6.0242,10.3,27.6,62.1,reduce_scope3_purchases,LOW,8
Finance,small,46,1719.0,37.0,0,36.1,11.4,30,19,44,21,stacked_high_density,882.0,gcp,45205.0,48631.0,35.25,low,0.1066,0.966,1.6988,2.7714,3.8,34.9,61.3,optimize_server_infrastructure,MEDIUM,2
Retail,medium,200,16260.7,82.1,30.2,12.6,0,15,3,138,116,stacked_high_density,498.1,aws,47565.0,183046.0,15.61,very_high,0.11,2.4257,6.3332,8.869,1.2,27.4,71.4,reduce_electricity_consumption,HIGH,1
Logistics,large,450,25139.3,9.4,180.1,51.0,27.6,0,0,275,200,custom,0.0,none,0,487813.0,87.4,very_high,0.6568,18.6765,11.3605,30.6938,2.1,60.8,37.0,switch_to_renewables,HIGH,0
Education,large,350,20165.0,70.5,0,20.3,9.6,33,15,274,99,stacked_high_density,1181.7,gcp,36993.0,93753.0,241.52,very_high,0.0665,4.9636,5.8666,10.8968,0.6,45.6,53.8,reduce_electricity_consumption,HIGH,1
IT,small,33,3020.1,33.9,41.0,17.3,0,0,0,20,13,direct_liquid_cooling,0.0,aws,16657.0,31783.0,8.78,medium,0.1498,1.637,1.0057,2.7925,5.4,58.6,36.0,low_emission_maintain_practices,LOW,7
Healthcare,large,1479,70059.3,2.6,0,16.1,4.8,16,6,783,181,direct_liquid_cooling,595.2,gcp,36147.0,1958941.0,1048.17,very_high,0.047,55.9776,26.9766,83.0012,0.1,67.4,32.5,switch_to_renewables,HIGH,0
Retail,small,36,1138.1,4.7,97.9,5.6,0,0,0,22,0,custom,0.0,aws,10093.0,18514.0,11.26,low,0.2753,0.8894,0.4737,1.6384,16.8,54.3,28.9,low_emission_maintain_practices,LOW,7
Healthcare,medium,128,12882.6,10.7,2.2,0.8,4.4,24,12,91,10,stacked_high_density,617.8,none,0,93455.0,17.73,high,0.0167,9.4958,1.7324,11.2448,0.1,84.4,15.4,optimize_server_infrastructure,MEDIUM,2
Education,large,1054,48932.1,1.2,80.9,33.8,6.2,4,1,675,198,stacked_high_density,103.9,azure,43177.0,840531.0,367.18,very_high,0.3075,39.6532,17.8803,57.8411,0.5,68.6,30.9,switch_to_renewables,HIGH,0
Finance,large,551,69650.3,22.6,57.7,1.8,0,18,20,349,230,stacked_high_density,507.1,aws,80638.0,598353.0,319.1,very_high,0.1588,44.2524,14.8325,59.2437,0.3,74.7,25.0,reduce_electricity_consumption,HIGH,1
Logistics,large,1296,73748.9,67.1,165.6,63.4,26.0,28,20,661,650,custom,1087.1,gcp,25696.0,1539396.0,868.82,very_high,0.6433,19.9522,34.9416,55.537,1.2,35.9,62.9,reduce_electricity_consumption,HIGH,1
Logistics,small,8,500,14.6,127.7,55.5,31.1,34,11,7,1,hot_aisle_cold_aisle,1283.5,gcp,42353.0,2424.0,4.94,low,0.5339,0.4104,0.4824,1.4267,37.4,28.8,33.8,low_emission_maintain_practices,LOW,7
Logistics,medium,236,19917.8,82.2,162.8,71.3,27.3,34,14,185,73,custom,996.7,azure,57191.0,162648.0,187.49,very_high,0.6567,2.9755,5.4657,9.0978,7.2,32.7,60.1,reduce_electricity_consumption,HIGH,1
IT,small,13,1367.7,85.9,69.6,0,0,38,0,10,6,hot_aisle_cold_aisle,861.6,azure,25622.0,10736.0,0.74,low,0.1865,0.2254,0.6694,1.0814,17.2,20.8,61.9,low_emission_maintain_practices,LOW,7
IT,small,27,2131.7,43.8,7.6,0,7.3,16,15,15,14,stacked_high_density,331.0,aws,33961.0,37254.0,5.08,low,0.0353,1.0239,1.2958,2.355,1.5,43.5,55.0,optimize_server_infrastructure,MEDIUM,2
Healthcare,large,1202,129117.6,43.0,37.4,6.0,0,4,16,647,147,custom,71.3,gcp,48027.0,322792.0,124.46,very_high,0.1141,60.3576,12.0196,72.4913,0.2,83.3,16.6,reduce_electricity_consumption,HIGH,1
Healthcare,medium,275,19376.2,74.9,31.3,24.1,6.5,0,0,141,100,stacked_high_density,0.0,gcp,0,207008.0,118.56,very_high,0.1528,3.988,5.4128,9.5536,1.6,41.7,56.7,reduce_electricity_consumption,HIGH,1
IT,large,1760,116153.8,0.2,80.2,55.2,0,36,20,986,927,custom,1025.1,aws,1315.0,764165.0,774.84,very_high,0.3424,95.1279,38.415,133.8853,0.3,71.1,28.7,switch_to_renewables,HIGH,0
Logistics,medium,119,3442.0,78.9,119.9,82.7,27.9,26,11,89,65,hot_aisle_cold_aisle,618.8,none,0,54181.0,43.33,medium,0.5693,0.6416,2.8543,4.0652,14.0,15.8,70.2,adopt_cloud_migration,MEDIUM,4
Healthcare,large,1996,180463.8,18.4,23.4,22.3,3.7,9,18,1769,1077,custom,277.3,none,0,1899891.0,123.02,very_high,0.1218,120.77,57.6424,178.5342,0.1,67.6,32.3,reduce_electricity_consumption,HIGH,1
IT,small,31,941.4,8.2,1.7,30.3,16.9,27,11,24,13,stacked_high_density,676.6,aws,5796.0,44583.0,9.38,low,0.109,0.7788,0.9769,1.8647,5.8,41.8,52.4,optimize_server_infrastructure,MEDIUM,2
Retail,large,1563,61205.4,92.6,13.4,11.1,0,37,16,787,556,hot_aisle_cold_aisle,695.8,none,0,762496.0,674.44,very_high,0.0616,3.7795,27.0114,30.8524,0.2,12.3,87.6,reduce_electricity_consumption,HIGH,1
Retail,large,873,115255.2,91.3,13.4,21.8,6.9,13,13,705,52,direct_liquid_cooling,381.9,gcp,42517.0,843942.0,362.27,very_high,0.1003,8.2407,14.0906,22.4317,0.4,36.7,62.8,reduce_electricity_consumption,HIGH,1
Manufacturing,small,15,958.8,67.7,181.3,70.8,25.1,2,17,13,0,stacked_high_density,30.3,azure,29169.0,9102.0,5.55,low,0.7006,0.2591,0.5696,1.5293,45.8,16.9,37.2,electrify_fleet_reduce_fuel,HIGH,3
Finance,medium,184,11235.1,2.3,51.8,0,8.7,0,0,165,82,hot_aisle_cold_aisle,0.0,azure,37040.0,137912.0,79.17,high,0.1566,9.0009,5.0749,14.2324,1.1,63.2,35.7,switch_to_renewables,HIGH,0
Finance,medium,167,11935.0,2.6,62.9,23.8,0,40,1,132,87,hot_aisle_cold_aisle,845.9,azure,27832.0,109303.0,27.32,high,0.2235,9.6031,4.5924,14.419,1.6,66.6,31.8,switch_to_renewables,HIGH,0
IT,small,36,1717.9,26.9,0,17.0,0,0,0,29,5,direct_liquid_cooling,0.0,gcp,4695.0,7839.0,6.66,low,0.0393,1.0297,0.4666,1.5357,2.6,67.1,30.4,low_emission_maintain_practices,LOW,7
Healthcare,medium,266,13923.1,69.8,11.6,10.8,17.6,18,13,221,18,custom,416.4,none,0,355209.0,204.08,high,0.0919,3.484,5.0672,8.6432,1.1,40.3,58.6,adopt_cloud_migration,MEDIUM,4
IT,large,533,29920.9,26.0,34.4,5.5,14.2,26,1,351,125,direct_liquid_cooling,560.0,none,0,278659.0,48.49,very_high,0.1339,18.1928,8.3092,26.6359,0.5,68.3,31.2,reduce_electricity_consumption,HIGH,1
Healthcare,medium,237,12609.5,6.1,36.4,30.2,15.4,38,17,121,53,hot_aisle_cold_aisle,1472.8,gcp,18915.0,327391.0,110.13,high,0.1987,9.7764,5.1469,15.122,1.3,64.7,34.0,switch_to_renewables,HIGH,0
Retail,large,401,25249.6,10.0,45.9,0,2.3,0,1,306,120,hot_aisle_cold_aisle,0.0,none,0,418248.0,32.77,very_high,0.1277,18.6342,8.9375,27.6994,0.5,67.3,32.3,reduce_electricity_consumption,HIGH,1
Manufacturing,medium,128,3267.4,87.6,116.3,72.8,15.1,4,2,111,41,custom,62.0,azure,57478.0,140932.0,43.95,medium,0.5107,0.3403,3.8649,4.7158,10.8,7.2,82.0,reduce_scope3_purchases,LOW,8
Finance,large,940,66772.1,99.4,47.4,8.3,8.4,35,8,800,285,custom,773.9,none,0,1190238.0,324.52,very_high,0.1633,0.3988,23.3819,23.944,0.7,1.7,97.7,reduce_electricity_consumption,HIGH,1
Finance,medium,246,19974.4,10.6,0,24.1,0.5,5,3,238,87,stacked_high_density,101.0,aws,12431.0,282757.0,99.66,very_high,0.0567,14.6558,6.6303,21.3428,0.3,68.7,31.1,reduce_electricity_consumption,HIGH,1
IT,large,1461,174738.3,17.3,8.2,27.4,4.3,35,15,1206,282,custom,798.9,none,0,1203030.0,636.74,very_high,0.094,118.5673,26.6206,145.2819,0.1,81.6,18.3,reduce_electricity_consumption,HIGH,1
Manufacturing,large,1802,83742.1,23.9,178.5,22.9,38.2,0,0,1465,567,custom,0.0,azure,29801.0,534411.0,629.9,very_high,0.6092,52.2567,31.2492,84.1152,0.7,62.1,37.2,reduce_electricity_consumption,HIGH,1
Manufacturing,medium,81,4910.2,18.1,215.2,54.3,41.8,23,16,49,16,direct_liquid_cooling,616.5,azure,50329.0,108867.0,32.84,medium,0.7874,3.3302,2.3609,6.4785,12.2,51.4,36.4,low_emission_maintain_practices,LOW,7
Retail,medium,157,2737.2,81.9,42.5,27.4,11.3,4,11,79,18,stacked_high_density,94.5,gcp,51641.0,11483.0,76.67,low,0.2002,0.4166,1.6575,2.2744,8.8,18.3,72.9,improve_cooling_efficiency,LOW,6
Retail,medium,145,10926.0,21.5,38.1,18.4,14.3,0,0,128,51,custom,0.0,gcp,69981.0,96279.0,74.23,high,0.1738,7.0331,3.7602,10.9671,1.6,64.1,34.3,low_emission_maintain_practices,LOW,7
Retail,medium,104,5280.6,0.5,0,45.0,14.9,0,0,76,18,custom,0.0,aws,31448.0,124715.0,65.57,medium,0.1343,4.3084,2.5466,6.9893,1.9,61.6,36.4,switch_to_renewables,HIGH,0
Logistics,large,1272,86074.2,40.7,127.8,70.0,36.7,16,3,749,661,custom,500.8,none,0,1078544.0,468.17,very_high,0.5791,41.8866,32.0108,74.4765,0.8,56.2,43.0,reduce_electricity_consumption,HIGH,1
Manufacturing,large,1447,128741.6,4.6,115.7,66.5,36.9,0,0,1087,11,direct_liquid_cooling,0.0,gcp,30760.0,1611475.0,591.9,very_high,0.539,100.712,22.0681,123.319,0.4,81.7,17.9,switch_to_renewables,HIGH,0
Healthcare,small,49,4729.3,80.6,1.5,0,0,6,1,46,4,direct_liquid_cooling,94.3,azure,38465.0,46372.0,17.87,medium,0.004,0.7608,1.3602,2.125,0.2,35.8,64.0,low_emission_maintain_practices,LOW,7
Logistics,small,8,516.1,12.9,145.9,58.2,38.1,10,18,7,1,direct_liquid_cooling,279.1,aws,0,11884.0,3.41,low,0.6032,0.3828,0.1769,1.1629,51.9,32.9,15.2,electrify_fleet_reduce_fuel,HIGH,3
Logistics,large,847,36525.8,11.9,148.9,31.4,36.4,21,14,619,59,hot_aisle_cold_aisle,612.2,aws,30405.0,736876.0,244.04,very_high,0.5458,26.4242,12.8112,39.7812,1.4,66.4,32.2,reduce_electricity_consumption,HIGH,1
